Виборча дільниця,БАЛУТА Ігор Миронович,ВЕЙДЕР Дарт Олегович,ДАВТЯН Олександр Саркісович,КЕРНЕС Геннадій Адольфович,КРОЛЬ Юрій Якович,МЕРКУЛОВА Ганна Олександрівна,РОДЗИНСЬКИЙ Анатолій Анатолійович,САПРОНОВ Юрій Анатолійович,СІТЕНКО Тарас Олександрович,ХОДОС Едуард Давидович,ШВАЙКА Ігор Олександрович,Взяло участь у голосуванні,Виборців у списку
631089,49,11,38,674,0,3,31,45,147,4,10,1029,2112
631090,50,7,26,696,2,4,26,46,120,13,14,1019,2008
631091,60,5,39,666,4,2,36,38,115,6,9,994,1942
631092,47,4,47,667,1,7,31,45,110,9,12,990,1942
631093,48,3,54,670,0,4,43,39,100,3,11,988,2001
631094,42,7,43,610,1,4,24,51,131,2,17,956,1944
631095,42,26,19,385,2,14,24,45,94,9,11,702,2238
631096,39,33,37,303,2,10,17,43,126,8,16,673,1988
631097,30,62,31,434,2,12,12,33,116,7,12,777,2218
631099,"Ми маємо підстави не довіряти даним, що отримали з дільниці",,,,,,,,,,,,
631100,51,25,27,459,4,7,13,44,102,6,10,769,2068
631101,38,5,44,695,0,5,37,81,127,5,12,1065,2247
631102,42,4,40,609,3,3,26,47,160,3,17,972,2094
631103,41,9,44,663,3,3,25,58,133,8,8,1011,2002
631104,53,9,41,668,3,4,18,53,127,2,10,993,2064
631105,60,5,32,656,0,3,36,84,122,4,13,1030,1966
631106,64,5,39,594,3,10,29,64,118,7,10,955,1982
631107,47,11,44,614,1,4,37,64,158,8,15,1022,2233
631108,32,70,34,426,5,13,14,31,76,11,11,751,2300
631109,50,6,47,650,1,10,22,39,120,4,10,972,2079
631110,67,4,51,557,2,5,34,53,143,4,15,946,1845
631111,18,32,25,235,1,8,12,13,60,3,13,448,2268
631112,53,3,39,687,1,2,35,76,181,1,14,1114,2243
631113,64,7,48,637,2,3,47,80,147,5,9,1063,2230
631114,57,3,46,485,0,4,18,62,164,5,9,866,1876
631115,82,9,33,730,0,3,50,95,176,5,19,1220,2268
631116,46,4,33,654,0,3,29,53,118,5,12,972,1859
631117,45,8,39,632,1,3,32,50,130,6,20,976,2102
631118,60,3,37,695,2,3,41,54,119,4,12,2041,2099
631119,38,4,35,538,2,4,29,42,145,0,12,869,1773
631120,48,8,42,590,1,6,30,59,154,9,13,969,1915
631121,39,7,42,704,0,1,21,43,153,3,15,1043,2039
631122,45,7,33,505,1,2,31,49,107,7,15,814,1696
631123,62,5,45,773,1,7,37,66,216,8,12,1250,2311
631124,34,5,42,506,2,7,10,33,99,12,8,765,1970
631125,58,6,49,611,2,6,32,50,172,8,10,1015,1906
631126,61,4,30,504,2,6,31,43,141,4,12,858,1776
631127,63,7,40,545,1,5,43,40,141,6,7,913,1863
631128,52,8,47,559,4,3,32,44,122,3,8,899,1873
631129,77,10,36,552,1,3,47,68,177,8,18,1007,1852
631130,58,9,45,508,1,0,30,163,39,2,13,879,1644
631131,78,5,34,560,2,2,42,70,137,8,12,967,1822
631132,46,7,41,432,2,2,34,53,117,7,12,766,1613
631133,55,5,31,413,1,3,16,43,119,1,7,703,1427
631134,56,1,31,456,1,5,32,64,123,3,7,794,1805
631135,87,4,36,455,1,4,20,60,139,5,11,835,1603
631136,86,9,34,422,1,6,29,56,155,9,12,828,1515
631137,84,9,53,576,4,4,31,74,189,7,20,1062,2167
631138,"Ми маємо підстави не довіряти даним, що отримали з дільниці",,,,,,,,,,,,
631139,69,11,51,558,0,6,24,46,133,6,17,941,2104
631140,67,6,26,467,0,2,20,54,144,8,14,817,2140
631141,85,9,67,566,1,6,52,85,220,8,8,1116,2291
631142,43,5,52,538,3,3,23,56,130,6,13,883,1869
631143,36,5,44,574,1,5,19,45,109,5,14,874,2269
631144,47,6,47,521,2,3,19,23,103,4,14,797,1996
631145,30,35,19,273,4,10,7,50,129,4,16,602,2193
631146,27,41,24,298,2,19,6,24,89,5,5,572,1969
631147,12,43,26,231,1,9,11,23,39,6,13,439,2149
631148,74,6,59,580,2,6,45,60,175,3,14,1035,2051
631149,56,17,58,625,1,11,30,84,214,4,15,1129,2089
631150,84,4,77,676,2,4,53,85,213,12,13,1237,2203
631152,52,5,70,755,2,2,48,92,159,3,17,1228,2216
631153,42,6,75,743,1,6,30,59,120,8,10,1118,2236
631154,30,4,41,626,0,6,24,30,104,6,8,890,2154
631155,97,11,70,571,0,2,47,90,224,8,20,1165,2373
631156,42,6,39,459,1,0,14,41,115,9,12,753,1589
631157,69,4,36,356,4,3,47,58,111,4,15,716,1351
631158,65,5,36,319,1,6,22,67,157,3,7,696,1250
631159,116,9,94,465,1,3,37,83,233,15,12,1074,2027
631161,73,7,53,548,1,2,48,84,173,10,14,1030,2054
631162,116,9,80,486,4,3,33,75,226,3,17,1067,2087
631163,95,9,77,578,2,9,44,100,184,11,25,1156,2228
631164,61,101,77,725,10,22,20,36,97,19,29,1252,2185
631165,92,7,55,540,1,5,21,62,165,4,16,978,2271
631166,63,6,65,419,0,3,24,66,150,5,11,8208,1870
631167,"Ми маємо підстави не довіряти даним, що отримали з дільниці",,,,,,,,,,,,
631168,1,1,8,19,0,1,1,0,5,1,0,37,40
631169,"Ми маємо підстави не довіряти даним, що отримали з дільниці",,,,,,,,,,,,
631170,2,1,2,27,0,1,1,3,5,1,0,44,49
631171,2,0,2,40,0,0,4,1,3,0,1,54,56
631172,6,3,4,129,1,0,2,10,15,0,1,174,177
631173,0,0,4,39,0,0,2,3,8,1,1,59,82
631174,3,0,1,18,0,0,1,2,4,0,0,30,31
631175,"Ми маємо підстави не довіряти даним, що отримали з дільниці",,,,,,,,,,,,
631177,28,2,18,265,0,2,16,23,65,2,10,453,1120
631178,43,12,33,492,2,5,37,42,84,3,7,772,1670
631179,16,15,20,299,2,2,12,23,62,6,5,471,1529
631180,53,9,56,501,7,7,38,31,104,7,17,851,2093
631181,63,10,35,493,2,3,24,41,83,5,12,779,1929
631182,"Ми маємо підстави не довіряти даним, що отримали з дільниці",,,,,,,,,,,,
631183,58,9,46,665,4,8,41,42,105,10,18,1030,1988
631184,49,4,44,664,0,4,37,47,125,3,8,1000,1930
631185,39,13,45,737,0,4,42,37,130,12,15,1088,2175
631186,43,8,46,600,2,5,35,40,78,12,15,901,2002
631187,30,2,31,529,1,2,29,43,77,2,12,776,1676
631188,27,1,28,497,2,4,20,32,52,8,12,699,1393
631189,15,2,20,444,0,3,29,17,47,6,0,599,1241
631190,35,7,44,698,4,6,43,49,125,6,12,1051,2358
631191,28,2,29,408,1,2,20,24,41,1,10,585,1260
631192,36,13,61,528,0,2,23,41,84,3,10,831,2220
631193,38,10,72,568,2,4,27,52,93,6,17,909,2023
631194,20,6,37,548,4,1,27,49,76,3,9,793,1930
631195,26,5,30,427,0,6,20,40,80,5,9,664,1354
631196,38,15,38,704,5,5,27,44,114,8,19,1043,2257
631197,53,15,53,802,2,8,23,62,129,3,16,1193,2313
631198,67,13,54,679,2,5,32,59,160,12,15,1119,2390
631199,46,10,31,662,4,5,39,66,114,4,11,1007,2155
631200,25,7,18,329,1,4,26,42,61,4,7,532,1308
631201,"Ми маємо підстави не довіряти даним, що отримали з дільниці",,,,,,,,,,,,
631202,34,4,38,432,1,6,40,31,112,6,10,730,1410
631203,32,6,39,587,2,7,29,30,125,6,10,897,1752
631204,54,8,39,601,1,8,31,76,107,7,15,958,1684
631205,50,11,46,594,0,4,32,44,125,6,9,952,1792
631206,36,2,39,491,2,4,34,45,121,6,6,792,1536
631207,30,3,28,536,1,1,16,49,101,3,3,795,1563
631208,52,6,35,444,2,2,27,51,103,1,18,756,1446
631209,5,7,21,339,0,3,13,16,33,3,2,451,920
631210,37,10,47,825,4,1,31,64,130,9,119,1197,2392
631211,33,8,38,829,2,3,46,43,111,13,5,1164,2328
631212,37,5,31,594,1,3,31,39,94,1,9,860,1605
631213,38,7,37,379,1,1,25,37,61,3,11,613,1295
631214,26,7,41,364,1,4,22,29,70,1,10,589,1232
631215,40,6,49,778,3,6,34,37,88,8,15,1082,2187
631216,24,7,38,741,2,1,24,37,99,5,10,1020,2059
631217,"Ми маємо підстави не довіряти даним, що отримали з дільниці",,,,,,,,,,,,
631218,29,7,41,707,2,2,34,49,66,2,9,968,2023
631219,29,9,35,793,1,5,24,46,93,5,14,1072,2131
631220,30,9,48,630,3,5,40,53,77,5,14,931,2069
631221,44,13,80,701,4,6,33,55,91,9,19,1082,2238
631222,17,4,40,274,1,6,20,22,54,1,11,463,979
631224,1,0,2,49,2,0,3,2,3,0,1,63,64
631225,0,0,2,33,0,0,1,0,2,0,0,39,39
631226,4,0,6,67,0,0,4,3,12,1,1,100,100
631227,2,0,0,20,0,0,1,0,2,0,0,25,30
631228,2,0,0,43,0,0,4,1,1,0,0,51,51
631229,0,0,0,12,0,0,1,0,1,0,0,14,14
631231,80,7,42,463,5,4,45,57,143,9,12,886,1787
631232,84,3,65,481,2,4,34,79,183,13,13,974,1863
631233,97,10,83,477,2,5,47,89,176,15,17,1033,1974
631234,93,9,76,456,1,3,43,71,170,6,7,945,1855
631235,90,8,48,506,0,4,24,55,173,9,11,938,1846
631236,98,14,80,528,0,4,44,93,198,5,18,1093,2026
631237,32,43,23,170,4,14,13,21,72,7,11,425,2453
631238,62,74,47,537,6,32,18,45,156,16,24,1077,2112
631239,24,58,26,413,4,11,20,37,72,6,13,728,1683
631240,96,58,76,677,4,14,42,72,162,15,14,1266,2368
631241,82,6,51,460,4,2,39,82,182,6,15,950,1912
631242,104,8,60,484,2,5,51,97,163,12,18,1024,1946
631243,77,4,53,487,0,2,46,72,149,13,21,934,1987
631244,29,7,28,644,0,2,13,23,80,4,10,853,1931
631245,36,14,29,647,2,2,35,44,110,2,22,958,2049
631246,33,2,46,579,2,7,32,34,115,2,16,882,1919
631248,13,3,22,375,1,2,24,35,74,2,11,568,1324
631249,44,4,45,773,1,4,46,45,113,4,11,1105,2362
631250,41,19,36,460,2,5,22,32,138,9,12,792,2092
631251,47,72,29,419,4,9,24,36,85,10,15,789,2236
631252,35,38,39,312,0,8,13,39,100,6,10,616,1662
631253,25,74,25,327,7,9,10,19,57,12,15,622,1807
631254,55,6,72,648,2,7,50,79,120,11,13,1091,2424
631255,61,5,68,553,2,4,26,70,124,6,8,949,2133
631256,20,6,54,522,1,4,39,32,100,3,13,818,2347
631257,39,6,57,701,1,5,44,43,117,7,5,1051,2484
631258,57,8,56,681,6,2,27,49,120,3,14,1040,2536
631259,23,2,40,370,1,2,27,27,73,2,13,528,1725
631260,12,1,22,208,4,2,16,19,53,1,8,356,988
631261,35,30,29,358,1,9,31,36,70,2,19,646,1571
631262,22,65,22,378,2,13,8,12,47,6,9,613,1764
631263,51,10,47,683,2,3,45,62,133,7,10,1073,2175
631264,43,8,49,593,3,4,42,80,122,7,15,989,1876
631265,58,7,57,671,0,10,38,63,145,1,21,1093,1973
631266,52,10,40,536,1,8,35,69,112,8,11,892,1803
631267,44,8,48,551,0,3,42,57,147,8,14,937,1930
631268,66,7,35,557,0,4,48,42,164,6,14,958,1849
631269,56,8,37,637,1,9,40,49,138,7,18,1010,2023
631270,57,13,56,564,2,12,39,64,140,10,16,1001,1940
631271,70,7,56,618,4,14,51,69,122,4,16,1052,2015
631272,23,7,41,470,0,4,31,29,87,10,10,722,1971
631273,"Ми маємо підстави не довіряти даним, що отримали з дільниці",,,,,,,,,,,,
631274,33,7,29,497,0,2,26,35,97,3,7,754,1883
631275,54,7,41,638,1,10,32,48,164,11,12,1044,2077
631276,74,5,57,660,0,3,55,68,181,7,12,1132,2220
631277,72,7,59,689,4,4,54,65,167,11,6,1145,2219
631278,60,10,63,767,3,7,48,65,143,10,17,1211,2228
631279,58,6,59,797,0,5,35,49,171,5,10,1209,2280
631280,59,8,58,546,1,9,47,61,194,13,17,1032,2213
631281,44,6,32,461,2,1,36,106,134,2,17,854,1538
631282,73,5,39,458,2,2,55,127,153,8,12,942,1769
631283,65,10,39,444,1,3,26,70,107,9,22,812,1765
631284,101,22,61,550,1,7,38,114,182,8,11,1114,1921
631285,44,12,21,406,4,1,22,50,100,2,20,699,1385
631286,40,10,35,713,1,2,30,47,90,5,10,1001,2037
631288,34,8,55,645,2,8,30,39,138,8,11,996,1958
631289,34,5,41,628,2,5,28,34,112,8,19,931,1951
631290,26,3,29,592,0,6,23,39,87,3,9,839,1838
631291,67,7,38,647,0,7,37,46,111,5,8,980,2077
631292,47,6,44,682,1,8,41,54,125,5,12,1038,2191
631293,34,5,25,510,0,2,24,44,64,2,6,725,1332
631294,39,5,24,598,1,7,25,25,68,4,3,810,1676
631295,"Ми маємо підстави не довіряти даним, що отримали з дільниці",,,,,,,,,,,,
631296,65,7,63,691,1,9,25,45,119,7,21,1069,2180
631297,60,11,50,580,2,9,26,44,150,6,14,963,2153
631298,40,5,31,675,0,2,20,31,117,5,11,950,1991
631299,33,1,42,609,0,4,18,39,132,4,6,903,1928
631300,39,2,35,539,1,3,16,40,105,5,11,804,1748
631301,41,9,48,663,1,1,32,38,126,6,10,990,2036
631302,1,0,1,9,0,0,0,0,1,0,1,13,13
631304,1,0,1,24,0,0,2,0,5,0,1,35,37
631305,4,0,3,91,0,0,4,5,6,2,2,119,122
631306,0,0,3,14,0,0,0,2,2,1,0,22,23
631307,1,0,1,8,0,0,0,1,5,0,1,17,17
631308,1,1,1,15,0,0,1,1,2,0,0,24,24
631309,1,5,2,151,1,1,4,7,7,0,2,185,186
631310,0,0,0,45,0,1,2,1,4,0,2,55,59
631311,0,0,1,22,0,0,2,1,3,1,2,32,32
631312,0,0,0,2,0,0,0,0,1,0,0,3,3
631313,1,0,5,25,0,0,0,2,4,0,2,39,43
631314,4,0,3,47,0,1,4,1,6,0,0,67,74
631315,2,2,0,5,0,1,0,0,3,0,0,13,17
631316,53,8,34,580,3,5,32,63,166,5,12,978,1804
631317,44,10,59,488,0,4,35,55,140,5,20,812,1846
631318,61,9,44,543,2,12,34,72,173,5,19,994,1953
631319,25,12,22,304,0,0,16,24,66,6,10,504,1596
631320,54,14,37,643,2,4,47,61,158,9,17,1060,2230
631321,71,4,55,649,1,3,58,52,139,2,17,1064,2075
631322,57,9,64,625,0,5,40,53,148,5,20,1051,2234
631323,88,6,49,670,1,4,38,48,135,7,17,1079,2119
631324,57,2,42,553,2,4,19,43,131,6,10,884,2167
631325,33,4,23,589,0,2,20,20,60,3,13,776,2056
631326,49,21,38,697,2,20,28,41,141,5,20,1089,2297
631327,29,5,18,832,3,7,42,41,72,3,16,1082,2145
631328,30,9,28,501,1,5,28,35,71,6,8,741,1622
631329,36,9,27,441,2,3,14,26,67,2,8,647,1403
631330,64,7,51,643,1,9,38,42,129,8,24,1036,2337
631331,59,6,45,720,2,1,24,40,106,8,8,1045,2163
631332,26,6,28,580,0,4,29,38,102,1,12,846,1883
631333,"Ми маємо підстави не довіряти даним, що отримали з дільниці",,,,,,,,,,,,
631334,45,8,37,667,0,6,32,51,117,5,14,994,2202
631335,24,4,32,488,1,1,20,25,69,5,11,688,1953
631336,32,5,29,625,4,3,29,37,83,2,21,881,2157
631337,35,6,38,603,1,3,36,37,90,9,16,883,2069
631338,21,5,32,599,3,8,29,20,89,9,13,850,1924
631339,26,7,29,685,1,5,13,33,104,4,14,936,2150
631341,25,2,24,615,0,3,23,26,55,8,10,807,1864
631342,44,7,32,735,4,3,33,26,98,6,23,1035,2195
631343,"Ми маємо підстави не довіряти даним, що отримали з дільниці",,,,,,,,,,,,
631345,26,3,36,654,1,5,19,36,84,8,10,898,2065
631346,22,2,47,538,0,3,26,40,92,7,9,804,1996
631347,1,1,2,19,0,1,0,0,6,0,1,31,138
631348,35,10,30,497,4,3,24,31,79,2,15,743,1714
631349,24,6,47,441,0,3,21,23,84,0,7,663,1654
631351,25,7,26,622,4,2,9,23,79,4,12,832,2247
631352,46,10,32,596,1,4,31,39,82,4,11,864,1910
631353,34,8,28,563,0,4,27,21,68,5,12,781,1662
631354,41,6,33,733,0,5,25,42,120,5,11,1037,2254
631355,39,10,31,666,1,2,33,47,114,4,13,984,2143
631356,45,5,32,563,1,5,14,29,93,4,7,811,1711
631357,51,8,41,753,2,5,37,38,101,11,23,1088,2239
631358,39,10,31,607,1,5,34,43,89,2,8,782,2092
631359,44,5,41,594,3,2,23,35,100,8,15,888,1799
631360,47,5,33,553,2,3,23,21,123,6,9,838,1682
631361,37,6,34,566,0,10,34,47,77,6,16,861,1814
631362,36,7,31,680,2,4,40,35,94,8,12,956,2013
631363,24,3,29,509,1,4,28,24,82,1,5,724,1590
631364,51,8,38,609,0,4,19,46,109,5,17,924,1782
631365,25,4,20,460,1,5,18,26,78,9,16,677,1507
631366,"Ми маємо підстави не довіряти даним, що отримали з дільниці",,,,,,,,,,,,
631367,43,4,44,711,2,7,36,41,141,5,16,1073,2164
631368,38,8,46,641,0,3,21,32,106,8,15,933,1922
631369,"Ми маємо підстави не довіряти даним, що отримали з дільниці",,,,,,,,,,,,
631370,37,4,40,604,1,2,29,46,118,6,24,927,1888
631371,39,7,45,591,1,5,29,32,128,7,13,913,1870
631372,34,10,44,620,1,5,27,42,104,4,13,929,1995
631373,3,0,2,151,0,1,4,3,5,1,0,171,171
631374,1,1,4,29,1,1,2,0,5,1,0,45,52
631376,68,6,53,694,1,2,40,75,126,15,9,1108,2160
631377,39,6,48,531,2,1,29,47,98,4,18,839,2084
631378,33,6,31,710,2,5,45,34,95,8,9,997,2429
631379,23,6,31,574,3,5,35,33,92,8,28,862,2310
631380,32,8,54,632,7,8,60,52,106,9,17,1002,2389
631381,16,6,22,396,0,1,16,21,81,6,11,589,1439
631382,42,4,41,401,1,6,24,38,104,3,10,697,1645
631383,21,6,28,377,2,1,21,24,75,9,7,577,1266
631384,60,8,55,588,4,5,40,80,160,8,15,1049,2120
631385,51,5,57,729,2,12,34,79,161,13,23,1197,2357
631386,41,16,57,690,8,11,58,60,138,6,17,1134,2235
631387,80,8,72,756,4,4,36,77,163,6,12,1238,2234
631388,41,11,35,722,4,5,48,50,179,9,23,1152,2184
631389,44,5,48,681,1,7,50,76,160,3,13,1118,2255
631390,62,11,57,739,3,11,40,62,171,3,28,1210,2405
631391,56,6,59,680,5,6,40,60,146,2,16,1097,2058
631392,52,6,57,749,3,9,44,70,160,3,28,1203,2249
631393,32,10,40,559,3,2,38,27,118,3,11,857,1745
631394,36,11,63,669,2,10,64,66,152,5,22,1122,2429
631395,29,9,37,554,1,5,37,49,120,3,14,878,1922
631396,17,6,25,510,0,4,22,36,76,5,6,725,1999
631397,34,3,40,483,3,2,20,30,61,1,14,696,1354
631398,17,3,18,489,0,6,11,25,31,1,3,611,1619
631399,27,3,28,713,1,3,17,32,86,3,20,970,2107
631400,16,8,25,479,1,1,14,23,48,5,7,636,1499
631401,15,3,21,300,1,1,12,25,39,3,6,430,1217
631402,43,7,34,713,3,3,33,53,79,3,23,1020,1988
631403,39,7,30,676,1,4,30,51,121,7,15,1006,2226
631404,41,1,35,762,1,7,32,61,91,6,11,1066,2162
631405,32,7,52,671,0,6,21,35,101,8,9,959,2086
631406,37,8,31,806,1,2,21,69,78,6,14,1088,2184
631407,38,10,41,729,1,6,39,43,105,8,14,1057,2242
631408,44,4,47,783,1,5,39,67,106,5,15,1146,2196
631409,39,6,41,760,0,5,23,43,119,8,16,1085,2056
631410,"Ми маємо підстави не довіряти даним, що отримали з дільниці",,,,,,,,,,,,
631411,1,0,1,44,0,1,0,2,3,0,0,54,54
631412,1,0,0,6,0,0,0,0,2,0,0,9,9
631414,1,0,0,16,0,0,0,1,2,0,2,22,22
631415,32,6,43,400,2,4,20,33,88,6,5,647,1471
631416,59,10,55,503,7,6,44,46,171,11,11,940,1806
631417,34,12,54,634,5,15,54,52,154,8,10,1050,2305
631418,"Ми маємо підстави не довіряти даним, що отримали з дільниці",,,,,,,,,,,,
631419,33,1,37,347,0,4,24,26,72,4,7,575,1378
631420,30,3,35,284,2,0,23,18,49,1,8,464,1199
631421,19,2,28,255,11,2,34,19,58,1,5,441,1257
631422,28,1,24,259,2,0,12,22,49,4,5,412,826
631423,28,10,50,535,3,2,46,35,114,4,10,850,2120
631424,50,7,41,602,0,6,49,38,119,3,15,948,2232
631425,32,4,39,314,1,2,23,29,58,4,6,521,1256
631426,42,5,35,531,0,1,35,29,89,2,11,803,2333
631427,36,5,47,599,2,5,23,41,109,10,15,913,2317
631428,41,5,26,540,0,2,22,19,51,0,6,729,1914
631429,21,10,26,583,4,4,25,25,98,2,6,818,1897
631430,23,10,31,641,0,2,25,33,89,1,18,893,2312
631431,57,2,45,558,4,5,36,51,100,3,10,896,1964
631432,39,1,47,688,3,3,43,55,128,3,15,1044,2258
631433,47,5,38,636,4,7,32,46,114,7,19,969,2284
631434,38,3,53,679,0,7,44,38,107,6,13,1017,2084
631435,"Ми маємо підстави не довіряти даним, що отримали з дільниці",,,,,,,,,,,,
631437,28,12,27,472,1,11,24,12,44,2,11,664,1973
631438,29,22,17,369,1,16,22,26,113,4,23,658,2013
631439,30,5,35,719,2,4,53,50,117,10,14,1053,2310
631440,39,11,42,678,2,4,56,56,136,4,18,1070,2338
631441,31,8,46,702,5,2,37,38,81,4,7,977,2175
631442,"Ми маємо підстави не довіряти даним, що отримали з дільниці",,,,,,,,,,,,
631443,40,10,28,693,1,9,47,44,108,5,13,1028,2295
631444,26,3,26,442,2,2,36,30,70,1,12,666,1385
631445,20,5,31,490,2,6,35,45,59,4,13,729,1542
631446,43,9,33,570,3,4,44,52,98,4,17,905,1925
631447,34,6,35,636,2,4,32,48,82,5,14,918,2278
631448,58,7,26,616,6,6,54,40,92,2,8,926,2275
631449,42,4,30,652,2,3,32,41,82,5,12,917,2106
631450,38,6,31,557,4,4,37,40,87,5,19,845,2069
631451,42,3,26,370,0,1,20,41,84,3,10,607,1275
631452,36,12,27,632,2,3,36,36,86,9,17,912,1998
631453,42,6,44,475,1,2,28,55,96,3,19,781,1868
631454,37,8,39,539,3,2,40,41,94,4,11,841,2056
631455,44,10,45,608,3,3,33,52,107,4,15,943,2078
631456,57,12,43,666,2,10,46,54,121,2,6,1042,2126
631457,35,8,43,726,0,6,56,39,117,7,11,1077,2359
631458,25,7,33,684,1,7,57,57,85,14,9,995,2195
631459,34,5,33,658,4,5,42,37,77,3,8,917,2102
631460,48,4,44,610,0,2,46,43,90,5,11,924,2187
631461,44,5,56,650,2,6,42,62,137,10,13,1038,2358
631462,34,13,43,716,2,6,71,44,89,3,14,1065,2285
631463,39,16,54,600,0,7,44,32,104,2,15,935,2430
631464,31,5,21,543,1,3,29,31,86,3,16,785,2374
631465,"Ми маємо підстави не довіряти даним, що отримали з дільниці",,,,,,,,,,,,
631466,50,2,54,741,2,3,60,52,114,4,13,1112,2430
631467,39,8,42,771,2,5,40,47,127,8,15,1017,2142
631468,40,11,26,532,4,7,31,50,95,7,9,833,1735
631469,48,5,52,708,4,5,39,60,87,1,11,1042,2098
631470,41,7,40,527,1,4,36,47,115,4,10,846,1868
631471,41,10,39,536,3,6,42,42,129,3,10,881,1753
631472,47,7,22,565,2,5,60,52,142,6,9,941,1917
631473,67,6,50,673,3,3,33,59,142,3,20,1078,2012
631474,55,9,65,599,2,2,53,62,122,10,11,1020,2063
631476,76,8,47,602,6,2,34,72,126,8,12,1009,2068
631477,41,7,34,521,1,4,23,38,88,2,10,793,1621
631478,50,13,53,645,2,7,35,51,114,10,12,1018,2089
631479,58,11,42,543,3,7,43,73,120,4,13,938,1999
631480,74,7,55,564,0,3,58,70,205,7,35,1097,2368
631481,40,9,35,600,1,5,56,61,130,4,14,981,1919
631482,44,11,31,475,2,8,24,58,101,6,19,795,1655
631483,47,4,41,539,2,7,40,49,103,0,12,853,1833
631484,60,4,46,633,5,5,46,76,166,5,10,1078,2235
631485,44,5,25,563,3,8,67,36,110,8,12,906,1957
631486,47,5,38,572,1,4,41,42,100,6,8,885,1905
631487,42,12,35,637,1,4,48,50,115,8,16,993,1987
631488,39,8,49,583,1,4,42,44,110,8,7,910,1992
631489,51,14,29,589,1,2,52,55,109,9,7,940,2170
631490,41,8,43,661,1,7,53,45,141,8,14,1043,2021
631491,43,8,36,635,0,1,26,38,80,4,3,891,1880
631492,35,6,31,552,1,4,46,39,104,6,20,857,1913
631493,35,3,22,614,0,3,49,43,98,4,8,890,1944
631494,33,3,43,569,5,1,46,42,92,6,13,871,1924
631495,36,5,29,565,2,6,36,34,99,4,6,835,1875
631496,18,4,29,690,0,2,45,28,90,8,11,942,2123
631497,50,16,56,723,4,13,59,55,118,7,18,1139,2288
631498,59,6,32,718,1,7,51,42,114,4,13,1069,2192
631499,49,9,45,669,3,0,42,56,95,5,19,1012,2220
631500,35,5,31,686,4,11,46,53,108,7,20,1021,2169
631501,30,2,30,651,2,5,44,47,94,4,10,939,1973
631502,43,7,56,712,5,4,40,46,116,7,17,1063,2218
631503,41,4,39,608,1,6,17,52,90,3,7,883,1744
631504,42,5,40,536,1,6,35,39,80,3,6,801,1764
631505,46,3,27,583,0,1,30,51,86,10,14,865,2014
631506,53,6,38,629,2,5,51,75,110,7,12,1009,2203
631507,59,10,34,646,0,2,42,43,138,3,11,1001,2070
631508,"Ми маємо підстави не довіряти даним, що отримали з дільниці",,,,,,,,,,,,
631509,45,6,41,640,4,3,61,52,125,9,9,1016,2147
631510,52,10,40,558,3,4,47,42,103,9,14,894,2056
631511,36,3,31,576,4,3,35,21,94,8,8,835,1824
631512,45,7,40,599,3,4,35,57,97,3,19,917,1928
631513,42,9,39,692,0,12,45,45,140,4,11,1061,2182
631514,43,7,35,680,2,4,25,68,152,10,15,1057,2151
631515,60,4,46,614,2,2,29,50,163,2,16,997,2321
631516,48,13,37,674,5,4,34,58,129,4,12,1035,2388
631517,57,7,39,558,4,6,51,52,123,9,16,934,2141
631518,38,6,41,622,0,6,43,50,104,4,11,949,2071
631519,39,8,49,575,2,3,40,69,127,7,9,938,1914
631520,46,10,50,724,5,5,42,46,111,8,18,1077,2257
631521,51,9,38,656,3,5,49,57,104,4,11,1009,2087
631522,59,12,44,678,0,6,29,58,143,8,12,1067,2289
631523,71,8,49,691,0,6,34,52,161,2,8,1100,2282
631524,63,10,44,590,1,5,32,46,137,11,10,961,2292
631525,2,0,0,31,0,0,2,0,4,0,0,39,40
631526,2,0,1,17,0,0,0,1,1,0,0,23,23
631527,0,0,0,14,0,0,0,0,3,0,1,18,18
631528,3,5,5,140,0,0,4,6,20,1,3,195,208
631530,0,0,3,18,1,0,2,0,2,0,0,26,27
631531,20,10,27,268,1,10,12,15,13,3,10,444,449
631532,3,0,2,15,0,0,1,1,1,0,0,24,24
631533,45,9,24,642,1,9,33,28,86,3,5,899,2239
631534,43,11,44,796,1,5,32,32,110,4,7,1107,2222
631535,59,11,46,771,2,14,46,67,128,12,15,1190,2308
631536,"Ми маємо підстави не довіряти даним, що отримали з дільниці",,,,,,,,,,,,
631537,51,9,33,795,0,3,40,45,143,6,12,1152,2347
631539,57,8,32,806,7,4,32,38,129,6,18,1154,2405
631540,62,11,45,752,2,8,42,51,118,7,21,1135,2314
631541,24,6,34,761,1,4,24,24,82,3,10,989,2283
631542,52,3,42,630,2,4,35,18,66,3,15,886,1974
631543,50,5,46,637,3,5,33,28,113,2,11,950,2369
631544,69,9,55,638,2,9,27,52,104,7,13,1001,2340
631545,43,6,24,563,0,6,35,23,76,10,10,809,1980
631546,37,7,29,682,1,7,28,46,72,4,12,936,2111
631547,28,5,36,721,2,5,34,21,80,2,12,969,2320
631548,35,7,33,662,1,3,35,44,91,5,15,955,2199
631549,42,8,31,635,3,4,36,32,97,6,8,920,2068
631550,35,3,31,643,1,3,20,30,91,3,15,885,2150
631551,34,4,28,683,0,6,29,28,64,6,11,908,2305
631552,"Ми маємо підстави не довіряти даним, що отримали з дільниці",,,,,,,,,,,,
631553,47,3,37,633,1,1,30,32,108,3,17,930,2153
631554,59,6,39,629,2,5,39,37,106,11,13,955,2324
631555,39,10,35,791,5,5,31,31,82,10,13,1069,2344
631556,27,9,31,701,2,11,37,34,89,11,18,987,2299
631557,31,8,28,718,0,7,30,44,98,5,25,1009,2347
631558,27,3,27,639,1,2,27,38,79,2,6,861,2060
631559,51,7,57,716,1,4,23,42,139,5,8,1070,2409
631560,42,5,43,749,2,7,36,40,106,6,14,1074,2196
631561,35,5,47,658,0,9,30,41,117,5,28,996,2338
631562,13,1,17,580,0,2,15,26,42,1,10,718,2127
631563,33,10,50,538,2,6,28,40,107,8,29,867,2236
631564,25,2,36,679,2,4,33,59,84,2,11,958,2401
631565,24,10,42,723,4,7,33,35,117,4,11,1026,2330
631566,28,6,20,794,0,8,35,23,98,2,17,1045,2339
631567,33,4,44,777,1,5,29,41,103,5,20,1086,2274
631568,41,7,47,698,1,1,39,42,121,4,12,1034,2206
631569,34,4,41,711,3,4,44,36,107,3,9,1012,2082
631570,32,4,31,808,2,5,31,44,105,7,15,1101,2329
631571,31,7,36,634,3,4,36,36,115,6,16,935,2091
631572,39,4,39,736,1,10,36,46,113,1,16,1051,2101
631573,47,3,14,787,2,6,29,32,112,6,17,1073,2289
631574,35,1,47,738,2,9,38,49,104,6,19,1073,2313
631575,23,7,38,716,3,3,19,32,92,1,12,967,2139
631576,41,12,36,808,3,7,26,31,94,10,12,1099,2268
631577,41,11,55,549,0,1,35,35,115,8,14,1188,2443
631578,30,4,35,608,0,4,17,28,93,6,12,851,2071
631579,36,3,36,655,1,5,37,36,88,5,15,931,2159
631580,31,5,37,600,0,7,21,31,98,1,8,856,2034
631581,35,45,5,682,3,5,26,53,122,2,14,1006,2212
631582,38,11,33,730,3,9,18,27,80,5,11,985,2119
631583,45,10,41,702,2,7,31,50,96,9,7,1021,2023
631584,1,1,6,100,0,0,7,3,9,0,3,136,154
631585,0,0,0,8,0,0,0,0,0,0,0,8,9
631586,Ми очікуємо на інформацію від спостерігача,,,,,,,,,,,,
631587,1,0,0,3,0,0,0,1,0,0,0,5,68
631589,2,0,1,10,0,0,1,0,0,0,0,14,20
631591,49,4,48,594,3,7,30,53,114,5,13,943,2257
631592,27,1,29,476,2,1,18,23,54,8,15,669,1781
631593,16,4,51,392,1,2,14,29,90,1,21,632,1526
631594,34,8,34,484,0,10,22,33,79,3,12,730,2072
631595,43,8,20,546,0,6,32,46,72,2,10,804,2064
631596,52,12,52,629,4,7,49,62,125,4,10,1022,2215
631597,68,3,46,673,2,6,49,59,129,10,15,1076,2166
631598,64,9,29,681,3,5,37,59,125,5,12,1060,2309
631599,43,4,41,631,2,6,46,51,112,11,19,985,2219
631600,51,11,32,648,2,6,34,50,108,7,14,979,2082
631601,43,6,30,617,3,6,22,51,116,9,19,948,2183
631603,36,6,32,676,3,7,39,77,108,6,13,981,2258
631604,50,15,59,604,0,1,32,37,116,7,9,945,1972
631605,51,10,45,536,1,10,33,45,132,6,12,953,2229
631606,61,7,36,568,0,5,25,49,92,8,15,876,2042
631607,55,5,42,583,1,2,29,42,101,10,11,893,2089
631608,52,7,47,598,2,2,40,53,136,12,7,979,2323
631609,35,9,30,429,1,5,33,40,77,7,8,692,1431
631610,40,7,29,552,2,6,20,36,100,9,18,830,1834
631611,30,5,45,673,1,1,27,44,93,3,11,946,1996
631612,39,10,37,593,0,4,26,26,100,2,18,868,2078
631613,33,3,35,553,1,1,22,33,106,5,8,811,1866
631614,30,5,36,571,0,5,21,37,119,8,9,854,1716
631615,58,11,64,698,3,4,27,46,143,3,14,1088,2177
631616,45,6,56,788,1,5,37,52,121,6,16,1155,2286
631617,32,2,33,584,0,3,23,36,114,6,14,858,1906
631618,15,1,12,204,0,4,20,7,28,3,1,297,706
631619,14,4,25,257,0,2,11,16,36,2,8,381,975
631620,31,6,40,361,5,5,23,39,8,7,5,614,1477
631621,35,4,36,379,1,2,20,27,60,7,11,601,1402
631622,56,3,56,480,0,2,14,40,78,4,4,746,2297
631623,40,7,45,613,2,25,32,41,95,5,16,926,2325
631624,27,10,36,675,1,3,25,43,78,8,6,928,2273
631626,39,5,41,502,2,2,27,42,92,2,13,770,1852
631627,16,2,40,405,1,3,15,21,78,4,10,612,1514
631628,35,6,33,528,7,5,17,40,63,5,6,763,2269
631629,45,6,34,669,2,12,61,46,84,7,17,1009,2115
631630,37,6,49,638,0,6,48,63,109,6,23,1000,2171
631631,14,8,36,527,2,2,23,22,88,5,10,749,1709
631632,33,6,31,593,0,1,42,37,116,15,13,903,2061
631633,35,6,32,593,0,6,38,47,106,1,15,891,2177
631634,38,5,36,461,1,4,29,35,73,2,2,691,1582
631635,37,8,44,527,0,3,36,41,115,3,21,845,2088
631636,36,6,31,583,0,6,32,39,98,9,19,874,2106
631637,41,12,31,594,1,1,38,50,85,6,9,884,1994
631638,44,10,33,549,2,4,38,45,119,6,10,879,2205
631639,42,5,54,680,0,2,38,45,128,7,17,1039,2315
631640,27,5,33,517,3,1,27,41,89,2,7,767,1671
631641,45,4,47,594,3,4,42,54,105,5,8,920,2012
631642,22,5,29,293,2,2,11,15,63,4,12,467,1583
631643,45,4,51,680,1,5,47,58,135,12,16,1069,2289
631644,7,1,7,80,0,0,4,10,10,2,1,129,132
631645,3,2,2,64,0,2,2,3,10,1,0,89,135
631646,2,1,8,114,2,2,8,4,11,1,4,161,199
631647,3,0,5,96,1,0,3,5,10,2,3,131,131
631648,0,1,3,1,0,0,0,0,0,0,0,6,49
631649,33,3,26,297,0,5,15,34,83,6,13,520,1302
631650,50,2,39,347,1,3,13,27,77,7,10,584,1306
631651,37,7,33,510,0,7,19,32,97,4,17,786,2340
631652,"Ми маємо підстави не довіряти даним, що отримали з дільниці",,,,,,,,,,,,
631653,61,6,59,612,1,2,37,50,145,4,19,1015,2179
631654,48,9,58,564,1,6,30,69,152,7,15,983,2082
631655,43,2,27,416,3,4,27,37,84,5,8,667,1394
631656,39,5,24,304,2,2,7,28,72,3,9,508,1093
631657,55,10,44,658,0,5,28,45,109,6,10,988,2277
631658,36,5,61,551,1,2,26,58,85,7,12,852,2277
631659,27,6,46,427,0,4,15,37,70,5,11,665,1760
631660,11,0,26,353,2,2,18,22,56,5,10,520,1391
631661,63,13,71,664,6,3,40,47,196,11,27,1159,2246
631662,61,11,38,570,1,3,48,76,129,13,20,991,2023
631663,47,9,44,575,2,3,32,53,143,1,22,946,1836
631665,11,2,9,196,0,2,6,6,16,1,4,256,613
631666,"Ми маємо підстави не довіряти даним, що отримали з дільниці",,,,,,,,,,,,
631667,4,0,5,139,0,0,3,5,26,0,4,197,512
631668,26,4,33,492,0,3,37,22,79,5,11,725,1972
631669,31,6,45,607,1,2,31,41,128,2,19,920,2056
631670,42,2,43,723,2,6,30,42,94,7,14,1017,2185
631671,31,4,38,709,4,3,58,51,131,7,16,1066,2082
631672,44,9,38,713,1,4,41,55,128,6,18,1077,2118
631673,25,9,49,667,0,2,23,37,96,2,14,933,2351
631674,38,3,23,629,0,4,28,39,99,10,13,909,2141
631675,35,3,38,603,1,3,30,33,87,6,11,867,2262
631676,26,4,41,713,2,5,37,55,75,5,18,1006,2319
631677,"Ми маємо підстави не довіряти даним, що отримали з дільниці",,,,,,,,,,,,
631678,13,4,40,722,1,3,28,27,82,3,13,955,2399
631679,21,5,51,665,2,4,23,41,79,5,11,925,2128
631680,34,9,31,670,1,3,31,41,72,8,13,924,2230
631681,19,4,33,735,2,6,19,34,66,6,8,942,2261
631682,34,6,28,801,1,2,31,37,70,6,6,1036,2407
631683,23,2,29,463,3,2,29,15,39,4,3,624,1842
631684,11,5,24,427,1,2,32,20,48,1,7,593,1711
631685,13,3,23,462,1,1,21,18,54,4,6,617,1718
631686,2,0,1,21,1,1,3,2,1,0,0,33,33
631687,1,1,2,24,0,0,2,1,2,0,2,37,37
631689,2,0,1,30,0,1,1,0,3,1,0,39,41
631690,31,5,22,242,0,2,18,19,48,2,7,407,1138
631691,53,6,65,592,1,10,23,52,155,12,9,990,2286
631692,29,6,36,357,4,7,11,21,60,5,8,553,1475
631693,8,3,12,215,2,3,7,10,29,2,4,305,780
631694,17,1,31,153,2,2,20,16,34,3,5,297,965
631695,36,5,64,435,1,6,41,51,100,4,13,773,1781
631696,28,29,31,353,4,12,11,32,77,2,9,614,1223
631697,28,0,20,249,1,2,15,37,106,8,5,479,957
631151,56,20,54,601,1,10,37,116,166,6,14,1099,2297
631247,41,7,46,745,0,2,23,43,129,1,14,1071,2329
631340,28,4,36,615,1,1,26,27,65,4,14,849,2046
631436,50,7,41,591,0,3,53,57,97,1,7,922,2134
631529,8,2,8,139,0,3,7,6,12,2,3,197,205
631625,35,9,34,650,1,2,23,31,70,1,16,892,2012
631098,39,5,37,626,2,5,36,35,122,9,11,940,2058
631160,73,19,43,638,3,7,30,75,200,12,13,1120,2271
631223,0,0,1,48,0,0,0,1,1,0,0,51,52
631287,43,13,49,697,1,6,22,42,101,6,11,1001,1954
631350,45,8,39,681,0,5,32,41,104,1,6,977,2135
631413,2,0,18,29,0,1,0,0,3,1,0,54,54
631475,"Ми маємо підстави не довіряти даним, що отримали з дільниці",,,,,,,,,,,,
631538,46,7,42,647,1,4,36,31,102,5,8,941,2123
631602,30,7,29,580,1,3,25,37,93,6,12,838,1929
631664,66,6,49,592,0,3,36,61,166,2,24,1026,2100
