Виборча дільниця,СИЛА ЛЮДЕЙ,ВОЛОНТЕРСЬКА ПАРТІЯ,БЛОК ДАРТА ВЕЙДЕРА,СВОБОДА,СОЦІАЛІСТИ,НАРОДНИЙ КОНТРОЛЬ,ДЕМАЛЬЯНС,НАЦІОНАЛЬНА ДЕМОКРАТИЧНА ПАРТІЯ,ПАРТІЇ ПЕНСІОНЕРІВ,НОВА ПОЛІТИКА,СИЛЬНА УКРАЇНА,БЛОК ПЕТРА ПОРОШЕНКА 'СОЛІДАРНІСТЬ',САМОПОМІЧ,ВІДРОДЖЕННЯ,НАШ КРАЙ,УКРОП,РАДИКАЛЬНОЇ ПАРТІЇ,БАТЬКІВЩИНА,ПАРТІЇ '5.10',НОВА ДЕРЖАВА,Взяло участь у голосуванні,Виборців у списку
631089,33,22,8,12,5,21,13,4,9,2,4,56,144,571,41,9,15,32,4,8,1029,2112
631090,13,31,7,18,9,12,7,1,15,0,6,45,111,589,42,14,40,34,10,25,1019,2008
631091,11,25,8,20,9,20,12,1,14,0,5,87,103,573,25,7,8,26,8,10,994,1942
631092,20,34,12,21,3,24,13,0,9,0,8,57,95,578,26,12,14,21,4,17,990,1942
631093,8,11,8,16,3,34,9,1,9,1,3,80,111,569,30,23,10,33,3,10,988,2001
631094,10,19,4,25,2,29,11,0,13,0,3,64,127,524,27,9,8,28,9,20,956,1944
631095,9,33,18,12,11,14,34,1,5,5,6,41,78,275,59,23,6,10,14,12,702,2238
631096,12,15,20,11,3,12,14,0,4,0,4,62,101,184,38,130,6,10,10,11,673,1988
631097,9,20,63,16,2,12,27,1,6,0,7,42,88,337,47,36,10,11,11,3,777,2218
631099,"Ми маємо підстави не довіряти даним, що отримали з дільниці",,,,,,,,,,,,,,,,,,,,,
631100,9,25,25,16,6,12,6,1,8,1,1,54,95,379,46,23,8,17,8,10,769,2068
631101,8,22,7,27,7,43,8,0,14,1,8,65,109,571,31,24,20,41,16,21,1065,2247
631102,2,38,5,26,14,28,9,1,11,0,3,55,135,517,25,15,13,36,4,10,972,2094
631103,1,24,11,14,11,16,16,0,17,0,3,63,127,585,17,17,20,24,5,15,1011,2002
631104,9,26,7,20,7,18,10,1,17,0,9,54,144,564,37,7,10,21,2,14,993,2064
631105,12,23,6,18,9,32,10,2,13,0,3,69,132,530,34,19,11,36,7,39,1030,1966
631106,14,31,8,17,9,24,19,2,15,0,6,71,122,477,39,16,12,22,5,23,955,1982
631107,2,26,8,30,6,35,11,0,7,0,6,69,124,530,41,16,10,64,3,11,1022,2233
631108,9,19,70,14,2,5,9,3,9,4,9,67,70,324,43,26,10,9,7,3,751,2300
631109,10,30,6,19,5,28,8,2,13,0,3,60,133,516,49,12,21,20,5,13,972,2079
631110,6,29,5,24,6,38,5,0,8,2,4,87,126,463,49,6,18,31,3,15,946,1845
631111,5,12,25,13,2,3,16,0,0,1,2,34,49,189,15,23,6,6,14,1,448,2268
631112,3,29,5,16,3,37,5,1,21,1,8,62,206,567,35,9,14,42,6,19,1114,2243
631113,4,49,11,13,9,38,10,1,13,2,4,67,167,519,37,20,12,18,6,37,1063,2230
631114,8,20,8,16,7,22,6,0,12,1,8,54,165,402,31,15,11,41,4,22,866,1876
631115,5,39,12,28,8,31,20,0,18,1,4,71,178,592,71,19,19,49,6,28,1220,2268
631116,5,22,5,19,7,23,13,1,17,0,4,41,120,544,39,9,17,40,3,23,972,1859
631117,3,20,11,28,1,21,16,0,13,1,12,57,141,524,37,7,8,42,4,16,976,2102
631118,3,23,7,14,12,35,7,0,11,1,3,65,122,590,58,17,16,27,4,8,1041,2099
631119,1,19,9,8,5,36,8,0,9,0,5,45,140,443,33,9,16,37,4,17,869,1773
631120,2,12,5,17,8,30,14,0,16,0,0,59,164,494,36,9,15,36,7,16,969,1915
631121,2,18,10,26,6,21,11,1,20,0,2,60,149,578,33,12,9,32,7,18,1043,2039
631122,5,15,9,16,5,28,11,0,18,0,3,55,116,411,30,14,9,29,5,18,814,1696
631123,9,25,11,21,3,17,15,0,11,3,11,85,210,618,43,11,23,45,3,63,1250,2311
631124,2,27,11,9,5,10,3,0,6,0,8,55,93,418,43,17,4,17,6,21,765,1970
631125,8,34,8,18,9,28,9,0,17,0,8,68,151,514,39,14,8,42,4,26,1015,1906
631126,9,22,7,16,3,28,11,0,7,2,6,50,132,423,21,11,11,35,8,34,860,1776
631127,10,33,7,18,5,29,10,1,12,1,5,72,124,443,28,13,9,38,6,22,913,1863
631128,4,31,10,13,3,24,12,0,13,0,7,64,115,478,44,7,11,28,2,15,899,1873
631129,9,42,7,27,6,36,11,0,9,4,5,65,169,458,37,16,15,41,1,30,1007,1852
631130,9,32,7,19,8,23,4,0,8,0,3,66,148,415,44,14,11,23,4,29,879,1644
631131,8,27,6,15,5,39,7,2,11,1,3,63,150,491,42,6,10,33,5,27,967,1822
631132,14,28,9,16,4,19,7,1,7,0,3,54,108,376,26,15,14,25,6,18,766,1613
631133,6,34,6,8,13,15,6,1,8,1,7,73,115,333,12,5,6,23,4,14,703,1427
631134,10,32,3,12,4,26,16,0,7,0,11,53,117,387,16,8,17,29,6,20,794,1805
631135,13,33,6,18,10,15,22,0,9,2,2,59,144,370,39,9,8,37,5,15,835,1603
631136,13,29,10,17,5,20,13,1,6,0,6,60,169,345,31,10,9,40,12,16,828,1515
631137,14,39,10,22,4,32,14,3,21,0,5,73,196,434,46,12,13,51,12,34,1062,2167
631138,"Ми маємо підстави не довіряти даним, що отримали з дільниці",,,,,,,,,,,,,,,,,,,,,
631139,12,31,7,20,11,19,16,1,9,0,11,58,151,441,43,10,13,29,8,21,941,2104
631140,13,44,11,23,7,17,7,0,14,0,5,44,151,373,24,10,10,26,5,18,817,2140
631141,18,55,12,16,6,38,15,0,14,1,7,101,207,450,55,10,12,50,9,21,1119,2291
631142,10,25,9,14,2,15,14,1,15,1,7,79,118,430,38,17,14,38,0,8,883,1869
631143,21,23,8,20,3,15,7,1,10,0,4,66,92,493,28,6,12,30,3,7,874,2269
631144,3,16,5,16,3,17,6,0,6,0,4,73,95,423,33,9,23,32,5,13,797,1996
631145,16,14,28,20,2,3,13,2,3,2,5,32,137,198,44,20,7,10,10,3,602,2193
631146,17,5,34,13,8,2,7,1,2,2,4,30,88,226,35,35,10,4,8,3,572,1969
631147,8,7,47,14,2,7,6,2,4,1,1,27,54,176,30,9,5,3,3,5,439,2149
631148,5,45,6,22,14,38,9,2,19,0,2,81,192,446,35,11,10,44,8,29,1035,2051
631149,20,41,16,19,8,24,18,1,14,1,11,79,207,488,43,17,23,39,14,27,1129,2089
631150,12,38,14,23,11,39,14,1,28,0,6,110,205,546,37,7,18,68,12,29,1237,2203
631152,9,35,6,18,7,34,14,2,17,0,6,94,165,611,29,25,18,64,7,28,1228,2216
631153,11,19,13,22,3,18,3,0,13,2,7,85,129,619,31,19,11,43,9,28,1118,2236
631154,3,24,6,9,3,24,9,0,9,0,7,54,88,557,27,13,8,20,6,7,890,2154
631155,8,56,18,25,5,24,17,0,10,0,13,110,205,446,61,18,13,78,9,28,1165,2373
631156,5,23,9,13,4,13,4,0,17,0,6,45,120,371,20,13,9,35,10,12,753,1589
631157,18,25,3,26,0,36,13,0,15,2,4,56,122,278,28,9,11,31,5,19,716,1351
631158,19,29,6,18,4,19,19,0,17,0,7,34,169,245,26,8,7,35,6,17,696,1250
631159,13,64,8,16,7,32,14,0,17,3,12,110,239,387,11,31,8,63,7,20,1074,2027
631161,3,39,5,15,10,33,10,1,22,1,9,93,167,456,40,15,16,48,8,20,1030,2054
631162,14,50,7,25,4,36,21,2,28,0,7,107,221,386,39,15,12,50,6,16,1067,2087
631163,12,40,17,43,9,30,14,0,20,0,5,106,202,456,44,18,15,54,12,38,1156,2228
631164,51,50,86,39,7,14,8,8,9,11,15,162,101,457,43,47,20,15,10,26,1252,2185
631165,6,33,10,29,10,25,22,1,6,2,11,118,168,413,36,16,10,22,7,20,978,2271
631166,3,26,7,22,4,19,15,0,11,1,1,69,165,349,36,10,7,36,10,12,820,1870
631167,"Ми маємо підстави не довіряти даним, що отримали з дільниці",,,,,,,,,,,,,,,,,,,,,
631168,0,0,0,0,0,0,0,0,0,0,0,2,0,3,0,0,0,0,0,0,5,40
631169,"Ми маємо підстави не довіряти даним, що отримали з дільниці",,,,,,,,,,,,,,,,,,,,,
631170,Ми очікуємо на інформацію від спостерігача,,,,,,,,,,,,,,,,,,,,,
631171,0,0,0,0,0,0,0,0,0,0,0,0,0,3,1,0,0,0,0,0,4,56
631172,0,0,0,0,0,0,0,0,0,0,0,1,0,5,0,0,0,1,0,0,7,177
631173,0,0,0,0,0,0,0,0,0,0,1,0,2,2,1,0,0,0,0,0,6,82
631174,Ми очікуємо на інформацію від спостерігача,,,,,,,,,,,,,,,,,,,,,
631175,"Ми маємо підстави не довіряти даним, що отримали з дільниці",,,,,,,,,,,,,,,,,,,,,
631177,4,11,3,15,2,10,6,0,7,1,2,12,68,169,89,4,5,20,3,5,453,1120
631178,8,14,5,15,3,14,11,1,17,0,5,49,78,317,166,3,9,24,5,9,772,1670
631179,1,7,6,8,3,5,6,0,7,1,1,30,50,77,137,8,0,7,5,2,471,1529
631180,2,13,8,12,2,14,14,1,7,0,3,60,98,279,253,12,8,29,0,9,851,2093
631181,4,32,11,20,1,15,8,2,14,1,6,43,90,344,112,10,4,21,3,13,779,1929
631182,"Ми маємо підстави не довіряти даним, що отримали з дільниці",,,,,,,,,,,,,,,,,,,,,
631183,10,34,3,28,5,26,21,2,19,1,2,51,88,488,150,15,9,28,12,11,1030,1988
631184,3,27,9,7,4,34,8,1,5,0,6,50,107,529,97,15,12,34,13,23,1000,1930
631185,4,17,12,23,9,24,19,1,9,0,6,39,107,543,177,10,12,33,11,9,1088,2175
631186,3,21,9,17,1,15,5,1,7,1,5,42,72,402,191,15,6,43,6,17,901,2002
631187,1,17,4,9,1,9,1,0,12,0,4,25,71,353,178,9,8,38,6,13,776,1676
631188,2,16,3,11,5,13,3,0,6,0,0,30,47,363,133,4,6,14,2,16,699,1393
631189,5,3,3,8,4,17,3,0,9,0,4,21,42,340,90,3,4,23,5,3,599,1241
631190,5,18,4,17,9,25,18,2,16,0,4,60,108,492,173,17,8,28,14,13,1051,2358
631191,2,10,4,10,2,10,5,0,9,1,3,29,43,317,93,1,5,19,2,9,585,1260
631192,3,24,9,19,2,12,10,0,7,0,2,79,74,348,155,8,14,25,5,4,831,2220
631193,3,14,7,15,4,10,13,0,11,2,4,75,77,269,315,15,18,19,3,10,909,2023
631194,1,11,2,11,5,15,13,0,4,1,3,29,61,335,231,7,8,28,4,7,793,1930
631195,11,17,5,5,2,7,3,0,3,1,0,29,62,235,208,5,5,28,5,5,664,1354
631196,14,19,10,25,7,19,4,0,11,0,4,32,94,375,317,20,9,27,5,13,1043,2257
631197,6,29,11,20,3,15,8,1,18,2,2,64,114,521,271,11,5,40,5,19,1193,2313
631198,11,28,9,17,3,21,7,0,8,0,4,73,133,424,267,20,10,47,7,13,1119,2390
631199,3,30,9,20,6,27,8,0,6,3,4,54,99,472,184,10,5,31,5,9,1007,2155
631200,5,11,7,4,4,20,7,0,3,2,2,34,61,192,122,8,8,18,6,6,532,1308
631201,"Ми маємо підстави не довіряти даним, що отримали з дільниці",,,,,,,,,,,,,,,,,,,,,
631202,1,17,4,15,2,24,3,0,8,0,3,46,90,283,161,10,8,15,5,13,730,1410
631203,6,15,6,14,7,17,10,0,10,0,2,41,102,376,206,8,4,33,4,9,897,1752
631204,9,22,12,17,2,22,14,0,11,0,2,60,100,369,223,10,8,34,9,18,958,1684
631205,2,26,16,19,3,15,7,0,17,4,1,43,110,403,180,12,16,28,9,14,952,1792
631206,4,21,3,12,7,16,8,0,6,0,4,47,102,335,153,5,11,30,1,12,792,1536
631207,1,17,5,7,4,14,2,2,13,0,6,40,84,323,196,8,8,22,10,13,795,1563
631208,3,25,3,15,8,15,7,0,11,0,4,51,92,282,163,9,8,21,6,20,756,1446
631209,3,6,4,3,1,9,2,0,4,1,2,26,22,270,70,4,4,9,1,3,451,920
631210,1,30,10,25,10,20,4,0,16,0,5,59,16,582,205,18,14,35,3,14,1197,2392
631211,2,21,14,21,5,25,9,0,22,1,7,52,78,506,264,18,9,50,7,23,1164,2328
631212,2,23,2,9,9,18,4,0,11,0,3,32,96,469,100,5,13,35,2,9,860,1605
631213,2,20,10,10,3,11,22,0,17,0,4,31,62,249,93,9,9,28,3,14,613,1295
631214,2,19,3,11,2,15,4,3,9,0,4,38,55,234,129,13,5,22,1,2,589,1235
631215,5,12,5,28,6,21,5,0,16,2,5,63,86,509,217,9,22,32,5,10,1082,2187
631216,3,12,6,18,4,13,5,1,11,0,3,39,79,519,204,14,11,27,3,16,1020,2059
631217,"Ми маємо підстави не довіряти даним, що отримали з дільниці",,,,,,,,,,,,,,,,,,,,,
631218,2,10,5,9,2,17,5,1,11,0,6,32,64,435,252,14,46,23,0,5,968,2023
631219,1,18,4,14,7,22,5,2,13,0,2,39,70,416,344,19,22,15,4,22,1072,2131
631220,2,16,13,15,3,18,2,0,13,1,1,27,62,312,334,5,14,33,5,13,931,2069
631221,8,21,12,13,3,13,2,2,8,1,1,81,73,326,377,14,22,31,8,27,1082,2238
631222,1,6,2,12,3,13,0,0,8,0,0,42,44,159,117,13,5,14,3,5,463,979
631224,0,0,0,0,1,0,0,0,0,0,1,1,0,1,1,0,0,1,0,0,6,64
631225,1,2,0,0,0,0,0,1,0,0,0,1,0,13,8,0,1,3,0,1,31,39
631226,0,0,0,0,0,1,0,1,0,0,0,0,0,2,0,0,0,0,0,1,5,5
631227,0,0,0,1,0,0,0,1,0,0,0,0,0,2,1,0,0,0,0,0,5,30
631228,0,0,0,0,0,1,0,0,0,0,0,0,0,5,1,1,0,0,0,0,9,51
631229,0,0,0,0,0,0,0,0,0,0,0,0,1,1,0,0,0,0,0,0,2,14
631231,7,39,13,21,7,21,8,0,15,5,7,103,130,369,26,10,14,45,5,20,886,1787
631232,11,30,4,17,5,22,8,0,13,0,11,162,187,358,37,13,9,39,4,18,973,1863
631233,5,54,11,20,4,28,13,0,14,3,6,173,162,352,47,11,15,52,3,34,1033,1974
631234,7,57,10,17,7,32,13,0,11,1,4,151,145,377,35,15,6,26,6,12,945,1855
631235,12,40,13,12,7,29,17,2,6,1,6,66,192,412,33,13,9,30,3,17,938,1846
631236,7,34,15,13,14,31,16,1,8,1,3,143,234,402,60,15,9,32,13,21,1093,2026
631237,19,15,33,10,4,11,14,0,1,1,1,34,73,116,24,17,11,8,8,5,425,2453
631238,33,18,58,34,3,13,15,3,5,3,6,89,157,359,90,53,17,22,24,24,1077,2112
631239,10,4,49,15,4,11,18,5,7,4,5,88,60,300,42,19,10,11,10,4,728,1683
631240,9,29,31,19,4,36,22,1,15,1,8,303,174,437,54,17,6,31,9,17,1266,2368
631241,7,32,7,17,9,44,15,1,12,0,6,103,190,366,34,12,13,32,3,27,950,1912
631242,18,55,10,33,6,36,17,0,10,3,5,143,162,378,23,17,9,42,9,27,1024,1946
631243,7,42,8,25,8,37,12,0,15,2,3,108,138,380,22,22,15,40,13,18,934,1987
631244,3,14,8,10,5,18,5,0,6,0,3,33,80,569,28,6,6,19,1,18,853,1931
631245,4,19,10,29,3,34,5,0,18,1,3,42,101,576,29,14,12,22,6,7,958,2049
631246,8,30,3,20,4,22,4,0,12,0,6,62,93,494,31,17,9,33,3,16,882,1919
631248,1,9,2,11,2,15,6,0,7,1,2,34,64,354,17,8,3,18,2,5,568,1324
631249,7,22,7,18,5,48,7,0,9,1,2,59,111,703,21,19,9,27,6,10,1105,2362
631250,6,20,23,19,5,18,6,1,13,3,8,38,128,324,56,22,9,24,9,44,792,2092
631251,7,26,63,15,7,14,8,1,12,5,5,76,68,307,55,18,7,17,19,21,789,2236
631252,9,29,36,8,2,7,8,3,4,2,3,101,85,212,26,11,1,12,13,20,1662,65535
631253,5,18,81,21,2,4,10,2,3,5,8,26,63,223,51,25,3,6,15,10,622,1807
631254,5,24,8,16,5,37,10,1,16,1,3,164,122,543,34,16,10,31,6,12,1091,2424
631255,4,29,11,9,1,24,8,1,12,0,12,165,116,431,33,9,9,37,4,10,949,2133
631256,4,8,7,13,4,20,2,2,9,1,1,144,84,412,20,12,10,25,5,9,818,2347
631257,5,13,6,12,4,27,6,0,18,1,6,67,112,598,33,21,15,57,9,12,1051,2484
631258,27,23,5,16,4,25,7,3,9,1,7,62,101,615,37,20,11,22,9,7,1040,2536
631259,4,5,4,13,2,13,2,0,14,1,2,116,64,272,19,4,7,24,8,3,586,1725
631260,3,6,3,14,4,11,2,0,3,0,2,39,44,167,21,7,2,16,2,0,356,988
631261,10,18,26,17,1,29,6,2,4,1,5,56,82,272,38,12,12,13,4,8,646,1571
631262,8,9,36,8,1,2,5,0,2,1,1,72,100,283,27,17,3,6,6,0,613,1764
631263,3,24,7,21,7,27,10,0,13,0,4,150,116,557,34,14,11,29,7,12,1073,2175
631264,5,28,7,26,8,25,6,0,9,1,3,133,105,511,27,10,15,29,2,17,989,1876
631265,3,32,7,27,3,34,8,0,15,0,4,94,130,571,46,11,11,38,6,17,1093,1973
631266,4,33,16,12,5,31,4,0,20,1,3,67,108,459,38,15,9,33,3,15,892,1803
631267,5,31,11,16,9,22,20,0,16,1,4,58,131,470,40,13,15,38,5,12,937,1930
631268,6,27,8,25,4,31,14,1,17,1,2,67,143,482,30,14,20,33,6,10,958,1849
631269,10,29,4,19,6,20,17,2,12,1,6,74,131,548,33,8,15,29,11,11,1010,2023
631270,7,32,9,2,9,29,8,1,16,1,7,128,147,450,34,13,12,24,10,16,1001,1940
631271,5,50,4,17,6,24,10,2,20,1,3,147,104,513,28,17,22,38,4,11,1052,2015
631272,7,16,7,13,10,18,8,3,6,2,4,49,86,389,17,11,11,42,3,6,722,1971
631273,"Ми маємо підстави не довіряти даним, що отримали з дільниці",,,,,,,,,,,,,,,,,,,,,
631274,3,93,6,19,4,15,5,0,7,0,3,36,82,427,17,7,18,39,5,1,754,1883
631275,12,26,12,22,6,24,9,1,10,2,6,71,147,527,36,11,16,26,10,36,1044,2077
631276,6,30,3,19,1,44,14,3,10,3,5,99,166,565,35,24,5,42,10,33,1132,2220
631277,9,25,9,12,6,39,15,1,22,0,13,104,159,575,36,8,9,44,6,36,1145,2219
631278,12,30,11,32,7,29,11,2,18,0,7,102,122,616,59,19,13,43,8,38,1211,2228
631279,9,28,12,17,11,31,10,0,13,1,4,92,140,675,38,20,9,40,16,23,1209,2280
631280,9,29,11,25,8,26,12,2,15,1,4,56,205,417,35,9,20,36,8,75,1032,2213
631281,1,19,6,25,7,31,11,0,13,0,6,54,153,326,50,9,5,82,5,35,854,1538
631282,3,26,4,14,3,42,13,0,19,2,5,92,144,296,84,19,11,82,5,66,942,1769
631283,3,19,13,22,7,19,4,2,12,2,5,65,99,289,94,10,11,64,6,42,812,1765
631284,8,44,19,22,5,26,19,1,10,1,2,106,143,336,134,10,8,138,7,58,1114,1921
631285,1,12,14,14,9,18,8,2,14,0,4,48,88,266,60,6,6,63,8,32,699,1385
631286,11,31,16,12,2,12,6,0,15,2,3,45,91,616,29,11,20,30,8,16,1001,2037
631288,10,24,10,17,5,67,8,0,11,1,3,96,132,516,26,11,9,12,6,6,996,1958
631289,7,25,10,19,11,16,11,0,13,2,6,85,111,524,26,8,6,24,2,10,931,1951
631290,4,15,5,11,9,17,7,1,7,0,5,70,76,508,36,11,14,17,2,1,839,1838
631291,22,37,10,14,3,13,7,0,15,0,2,66,113,543,46,20,10,24,2,9,980,2077
631292,6,28,9,18,7,22,8,1,12,1,3,90,114,581,33,12,13,33,7,20,1038,2191
631293,6,17,9,11,3,16,6,2,6,1,1,59,51,443,30,4,5,20,5,3,725,1332
631294,6,26,9,15,2,10,7,2,8,1,3,52,73,520,18,4,6,19,2,10,810,1676
631295,"Ми маємо підстави не довіряти даним, що отримали з дільниці",,,,,,,,,,,,,,,,,,,,,
631296,6,45,8,23,9,15,13,1,10,0,3,93,128,589,33,8,24,24,2,10,1069,2180
631297,2,28,13,18,9,13,8,1,11,1,4,106,138,494,29,18,9,29,4,9,963,2153
631298,4,18,10,16,10,13,17,0,10,1,4,86,110,543,31,11,5,30,3,10,950,1991
631299,4,19,1,14,6,14,27,0,14,0,4,87,117,500,42,4,7,18,5,5,903,1928
631300,4,21,8,11,4,10,6,1,7,0,1,95,104,422,29,7,9,36,9,3,804,1748
631301,7,17,13,19,11,25,13,0,20,1,9,98,114,521,30,6,7,44,12,6,990,2036
631302,0,0,0,1,0,0,0,0,0,0,0,0,0,0,0,0,0,0,0,0,1,1
631304,Ми очікуємо на інформацію від спостерігача,,,,,,,,,,,,,,,,,,,,,
631305,0,0,0,0,1,0,0,0,1,0,0,0,2,9,0,0,1,2,0,2,19,122
631306,Ми очікуємо на інформацію від спостерігача,,,,,,,,,,,,,,,,,,,,,
631307,Ми очікуємо на інформацію від спостерігача,,,,,,,,,,,,,,,,,,,,,
631308,0,2,1,0,0,1,1,0,0,0,0,2,2,12,2,0,0,0,0,0,24,24
631309,0,0,0,1,0,1,0,0,0,0,0,0,0,4,1,0,0,1,0,0,8,186
631310,0,0,0,0,0,0,0,0,0,0,0,1,0,0,0,0,0,0,0,0,1,59
631311,0,0,0,1,0,0,0,0,0,0,0,0,0,1,0,0,0,0,0,0,2,32
631312,Ми очікуємо на інформацію від спостерігача,,,,,,,,,,,,,,,,,,,,,
631313,Ми очікуємо на інформацію від спостерігача,,,,,,,,,,,,,,,,,,,,,
631314,Ми очікуємо на інформацію від спостерігача,,,,,,,,,,,,,,,,,,,,,
631315,0,1,0,0,0,0,0,0,0,0,0,1,1,3,1,0,0,1,0,3,12,17
631316,6,38,8,20,2,21,15,0,8,0,9,53,157,508,4,10,24,45,8,23,978,1804
631317,8,17,11,18,0,25,7,1,9,1,12,77,144,406,36,10,11,44,2,11,873,1846
631318,14,31,9,15,6,21,13,1,13,0,3,82,167,466,50,13,11,35,11,12,994,1953
631319,2,19,9,17,5,11,3,1,6,1,5,29,57,248,16,12,8,22,6,9,504,1596
631320,7,32,12,19,6,21,10,0,12,1,6,62,166,498,31,18,23,84,6,26,1060,2230
631321,3,35,6,22,3,29,13,3,14,0,7,79,143,519,41,12,17,76,4,17,1064,2075
631322,8,39,4,22,5,26,6,2,21,1,6,83,154,516,33,11,18,50,8,4,1051,2234
631323,7,34,9,20,5,32,19,2,18,3,6,75,135,548,30,13,17,60,6,12,1079,2119
631324,5,31,7,23,5,17,6,0,13,0,6,55,125,465,24,19,12,32,3,13,884,2167
631325,10,20,5,12,4,18,2,1,10,0,3,30,43,513,29,12,5,23,6,11,776,2056
631326,130,21,21,20,9,11,9,0,14,2,8,55,127,531,34,14,21,23,6,8,1089,2297
631327,12,21,6,21,3,26,9,0,20,1,4,34,60,730,30,18,10,29,17,6,1082,2145
631328,5,17,9,13,5,13,5,1,11,0,6,30,78,432,26,7,10,30,9,11,741,1622
631329,3,14,11,15,2,12,0,0,11,0,4,29,65,393,14,10,12,14,17,4,647,1403
631330,3,32,11,23,5,19,12,0,16,1,2,65,140,549,34,23,16,45,6,9,1036,2337
631331,5,26,10,27,6,20,4,2,18,0,11,75,89,579,35,17,25,49,4,12,1045,2163
631332,11,14,3,18,5,20,2,1,8,1,4,43,90,486,28,14,15,41,2,12,846,1883
631333,"Ми маємо підстави не довіряти даним, що отримали з дільниці",,,,,,,,,,,,,,,,,,,,,
631334,3,21,5,25,5,23,6,1,13,0,6,50,111,571,31,10,16,59,4,19,994,2202
631335,3,15,5,16,12,13,6,0,7,0,2,39,53,409,26,11,16,34,3,4,688,1953
631336,2,12,9,21,4,24,7,2,10,1,5,34,90,554,27,19,12,17,4,6,881,2157
631337,2,25,7,21,4,28,4,1,19,3,5,44,86,526,29,10,12,32,2,4,883,2069
631338,1,9,7,21,3,24,5,1,12,0,6,35,75,528,35,20,15,21,3,6,850,1924
631339,4,21,13,22,0,13,1,0,10,0,4,51,96,594,30,17,9,13,1,12,936,2150
631341,4,10,9,24,6,10,7,0,13,1,3,26,51,540,45,8,6,20,1,11,807,1864
631342,9,20,13,26,4,16,3,0,17,1,8,32,80,633,71,13,13,41,5,8,1035,1195
631343,"Ми маємо підстави не довіряти даним, що отримали з дільниці",,,,,,,,,,,,,,,,,,,,,
631345,4,13,7,19,10,15,8,0,10,0,5,47,76,560,36,11,14,22,2,16,898,2065
631346,2,15,4,12,8,20,3,1,16,0,2,66,83,464,26,9,14,27,6,3,804,1996
631347,0,0,1,1,0,0,0,0,0,0,0,4,4,14,3,0,2,1,1,0,31,138
631348,4,19,8,22,3,9,6,2,8,0,1,35,76,433,26,11,6,32,1,14,743,1714
631349,0,17,8,13,8,19,4,0,7,0,2,41,83,378,17,14,12,20,6,3,663,1654
631351,3,11,7,13,6,14,3,2,12,0,5,44,80,529,29,6,9,16,3,10,832,2247
631352,4,18,10,20,4,18,5,0,14,0,2,45,86,532,30,8,10,34,2,7,863,1910
631353,7,13,5,17,1,20,0,0,3,1,2,43,74,486,28,8,16,28,1,9,781,1662
631354,4,15,4,28,2,27,4,1,17,1,2,42,126,623,26,13,9,37,1,21,1037,2254
631355,2,28,13,19,5,24,10,0,13,0,4,49,113,568,31,13,14,14,8,19,984,2143
631356,2,27,4,14,1,11,6,1,12,2,1,55,82,497,25,10,10,20,2,8,811,1711
631357,5,23,8,30,6,27,8,1,19,1,6,52,103,661,39,12,19,19,6,17,1088,2239
631358,3,30,5,19,3,19,3,1,14,0,2,51,91,544,22,14,12,18,3,10,882,2092
631359,8,27,6,22,6,15,5,1,12,1,0,54,103,503,49,5,12,17,2,17,888,1799
631360,6,24,7,26,9,6,4,0,14,1,3,55,121,458,36,6,12,18,5,15,838,1682
631361,7,16,8,31,7,24,4,0,9,0,3,55,72,794,31,7,14,29,5,12,861,1814
631362,5,23,1,32,8,23,8,0,14,2,6,41,96,595,32,7,14,19,6,14,956,2013
631363,1,13,1,16,1,17,6,2,11,3,2,41,71,447,22,12,9,25,1,4,724,1590
631364,3,41,4,16,3,15,9,1,11,3,9,52,121,525,29,14,11,21,0,9,924,1782
631365,3,13,5,14,3,13,6,0,12,2,5,26,81,402,27,8,7,21,1,8,677,1507
631366,"Ми маємо підстави не довіряти даним, що отримали з дільниці",,,,,,,,,,,,,,,,,,,,,
631367,4,25,8,24,5,24,9,0,19,0,12,62,129,604,24,8,17,38,4,26,1073,2164
631368,5,24,6,15,5,24,6,0,11,0,2,61,88,545,20,14,12,48,4,22,933,1922
631369,"Ми маємо підстави не довіряти даним, що отримали з дільниці",,,,,,,,,,,,,,,,,,,,,
631370,2,31,6,16,0,21,5,0,6,0,10,63,104,522,36,15,10,45,3,15,927,1888
631371,6,15,10,19,6,13,5,2,10,2,3,56,120,520,16,12,18,31,9,9,913,1870
631372,5,13,11,16,4,27,6,2,12,1,6,40,107,556,32,15,8,24,4,17,929,1995
631373,0,0,0,0,1,0,0,0,1,0,0,0,0,23,0,0,0,0,0,0,25,171
631374,0,0,0,0,0,0,0,0,0,0,0,0,0,1,0,0,0,0,0,0,1,52
631376,2,36,7,15,8,22,5,3,15,1,6,100,115,500,149,13,16,47,10,15,1108,2160
631377,4,29,6,27,2,14,8,2,12,0,3,60,84,424,75,17,17,22,5,9,839,2084
631378,5,18,10,19,3,30,1,1,11,0,3,45,84,569,103,14,9,35,2,10,997,2429
631379,6,31,8,28,3,15,6,0,18,0,1,28,81,430,128,10,9,24,3,11,862,2310
631380,4,8,9,23,2,38,9,0,8,1,2,51,102,410,193,12,15,45,2,48,1002,2389
631381,1,9,6,8,5,11,4,0,5,0,3,30,65,280,116,7,4,11,5,7,589,1439
631382,8,28,1,14,3,10,3,0,9,0,3,53,90,277,115,10,15,24,7,2,697,1645
631383,3,12,6,9,1,17,3,0,11,1,2,22,67,253,121,7,4,19,3,6,577,1266
631384,10,42,13,17,6,30,6,1,11,0,11,74,145,407,174,9,21,29,6,15,1049,2120
631385,10,20,10,18,8,30,7,0,11,0,5,66,156,477,242,15,19,45,8,13,1197,2357
631386,10,20,11,13,11,37,8,0,12,2,7,63,129,449,252,6,20,33,4,13,1132,2235
631387,7,42,12,27,9,18,13,0,14,1,0,97,142,523,210,14,18,27,10,24,1238,2234
631388,5,30,5,31,9,37,9,1,7,1,2,49,147,456,252,6,12,43,6,20,1152,2184
631389,5,29,9,18,6,34,14,1,12,1,0,56,142,467,215,7,18,27,4,19,1118,2255
631390,9,33,5,33,3,19,4,0,17,1,4,64,149,471,287,21,18,29,6,6,1210,2405
631391,5,36,6,24,4,22,8,0,16,0,6,80,137,479,190,7,14,16,6,17,1097,2058
631392,5,34,6,26,5,18,3,0,17,0,1,64,140,508,243,20,26,42,3,13,1203,2249
631393,2,15,8,14,2,27,3,0,7,0,2,36,95,336,218,11,8,42,5,7,857,1745
631394,1,12,6,29,4,43,11,14,10,0,6,65,146,392,260,10,14,59,7,5,1122,2429
631395,2,8,8,14,3,35,4,2,9,1,6,48,97,375,168,17,12,41,2,9,878,1922
631396,2,12,3,10,3,8,5,0,4,0,3,24,66,418,94,12,9,15,3,19,18,1999
631397,0,12,3,14,5,12,2,1,3,0,0,45,51,428,50,11,11,31,1,2,696,1354
631398,2,4,3,5,2,12,1,1,15,2,0,17,35,388,86,4,7,12,1,4,611,1619
631399,3,5,4,27,5,17,5,2,12,2,2,36,69,545,124,10,16,33,6,8,970,2107
631400,1,6,4,5,4,6,0,1,6,0,0,27,39,340,152,12,2,11,3,3,636,1499
631401,1,11,6,6,2,5,2,0,2,0,2,19,38,210,101,5,2,7,0,3,43,1217
631402,4,27,30,32,8,15,0,2,7,0,1,42,92,509,199,5,8,24,5,7,1020,1988
631403,3,22,5,14,5,12,1,0,16,1,1,38,79,443,251,18,8,35,6,18,1006,2226
631404,4,28,3,10,6,12,8,1,11,0,0,34,75,586,198,9,17,25,9,5,1066,2162
631405,4,17,8,10,2,16,7,1,10,1,0,46,81,420,264,9,4,28,5,4,959,2086
631406,5,23,6,18,3,11,10,0,10,0,4,52,68,568,216,11,12,32,6,13,1088,2184
631407,5,19,5,20,7,25,3,0,12,2,5,43,89,462,265,6,6,43,8,14,1057,2242
631408,6,33,7,16,9,16,4,0,13,0,3,46,85,514,264,11,16,46,5,20,1146,2196
631409,2,23,2,20,7,17,4,1,5,0,4,37,91,530,1048,10,13,29,5,8,1085,2056
631410,"Ми маємо підстави не довіряти даним, що отримали з дільниці",,,,,,,,,,,,,,,,,,,,,
631411,0,0,0,0,0,1,0,0,1,0,0,0,0,3,2,0,0,0,0,0,8,54
631412,Ми очікуємо на інформацію від спостерігача,,,,,,,,,,,,,,,,,,,,,
631414,Ми очікуємо на інформацію від спостерігача,,,,,,,,,,,,,,,,,,,,,
631415,2,21,4,6,5,15,6,0,5,0,1,93,68,333,20,14,6,22,7,6,647,1471
631416,10,37,13,25,6,28,9,0,15,0,3,76,180,405,31,16,20,28,4,11,940,1806
631417,9,30,14,13,6,34,13,0,17,0,6,73,133,546,44,16,18,38,2,7,1050,2305
631418,"Ми маємо підстави не довіряти даним, що отримали з дільниці",,,,,,,,,,,,,,,,,,,,,
631419,3,15,7,12,2,23,6,1,7,2,5,55,75,303,4,7,4,16,9,4,575,1378
631420,1,8,4,9,0,20,3,0,9,0,2,44,60,227,20,10,10,9,5,2,464,1199
631421,3,7,2,8,0,26,2,0,9,0,2,46,59,200,22,9,6,22,6,2,441,1257
631422,1,18,4,6,4,14,3,0,3,0,3,34,46,213,9,6,8,13,4,9,412,826
631423,3,18,6,10,7,34,12,1,16,2,5,55,92,463,28,9,12,41,3,10,850,2120
631424,14,17,12,18,7,31,15,0,10,0,5,58,105,509,48,10,13,40,9,7,948,2232
631425,6,16,5,10,4,14,9,0,11,0,5,48,51,239,27,7,17,27,3,6,521,1256
631426,6,25,9,14,6,13,10,0,16,0,3,51,73,452,36,15,11,20,10,9,803,2333
631427,6,19,10,17,4,25,6,0,10,2,3,67,99,506,37,10,16,32,3,11,913,2317
631428,3,20,4,9,5,14,1,0,10,0,3,53,46,472,20,12,10,24,2,4,729,1914
631429,5,8,8,10,1,20,7,0,12,1,0,32,93,520,23,13,14,21,1,7,818,1897
631430,3,17,12,19,1,15,6,0,14,5,7,84,69,519,29,12,10,29,4,6,893,2312
631431,6,25,3,17,7,26,7,0,29,1,7,59,101,439,55,7,13,39,9,12,896,1964
631432,6,25,5,17,8,31,10,0,17,1,11,63,105,562,65,13,19,35,15,9,1044,2258
631433,7,49,2,23,1,17,5,1,8,3,6,54,89,532,34,14,23,38,9,24,969,2284
631434,1,30,8,11,5,27,5,0,11,0,4,65,103,610,33,13,13,34,12,8,1017,2084
631435,"Ми маємо підстави не довіряти даним, що отримали з дільниці",,,,,,,,,,,,,,,,,,,,,
631437,12,9,13,14,6,20,45,1,7,1,4,30,31,336,50,8,6,9,5,4,664,1973
631438,12,9,16,14,1,5,79,0,3,2,6,23,123,281,26,14,6,7,8,3,658,2013
631439,4,21,5,14,6,42,7,1,12,2,5,60,95,615,44,19,20,36,4,22,1053,2310
631440,4,25,10,32,2,41,5,1,15,0,6,63,121,579,56,10,12,34,15,13,1070,2338
631441,1,12,6,18,7,21,10,1,13,4,8,54,83,607,32,13,13,30,6,9,977,2175
631442,"Ми маємо підстави не довіряти даним, що отримали з дільниці",,,,,,,,,,,,,,,,,,,,,
631443,7,38,9,11,3,35,5,0,10,2,5,44,96,609,22,10,26,35,6,18,1028,2295
631444,2,19,9,10,2,29,2,0,5,0,5,41,63,381,12,9,11,31,1,13,666,1385
631445,1,19,6,14,0,30,0,1,8,3,2,33,58,430,10,7,6,40,5,15,729,1542
631446,6,31,9,15,6,35,3,0,9,0,7,52,86,488,35,19,9,49,9,15,905,1925
631447,15,25,9,10,8,16,5,2,11,0,1,34,87,540,46,17,15,86,5,11,919,2278
631448,9,36,8,13,10,35,8,1,12,0,6,54,91,516,34,9,10,32,2,21,926,2275
631449,3,37,8,11,4,29,5,0,17,0,4,44,77,526,57,22,13,25,4,15,917,2106
631450,5,39,5,18,4,25,6,2,12,0,2,46,70,467,45,15,10,27,5,20,845,2069
631451,4,17,3,11,1,8,7,0,17,0,1,35,90,311,35,8,11,24,2,7,607,1275
631452,3,32,8,19,4,34,6,1,6,3,0,23,78,543,39,15,16,34,9,12,912,1998
631453,1,30,11,10,8,19,8,0,10,0,3,54,89,408,44,10,11,28,7,12,781,1868
631454,6,30,8,15,5,31,4,1,14,0,4,47,81,442,53,13,18,18,5,20,841,2056
631455,4,17,11,17,7,37,9,1,9,0,3,64,106,522,51,16,8,19,7,14,943,2078
631456,6,20,7,21,6,21,18,1,7,1,7,67,103,580,71,22,12,28,6,10,1042,2126
631457,6,18,8,21,4,42,8,2,12,0,7,56,114,630,55,11,17,19,6,12,1077,2359
631458,7,19,8,14,4,39,7,0,14,1,3,50,88,575,67,11,14,36,2,6,995,2195
631459,0,17,4,13,2,37,8,1,14,2,4,48,79,532,36,19,13,27,5,24,917,2102
631460,4,42,6,14,3,25,6,0,18,0,2,47,85,525,35,13,19,32,11,16,924,2187
631461,7,37,17,16,4,22,7,2,14,1,7,78,143,554,36,11,6,25,9,15,1038,2358
631462,10,23,16,23,10,47,5,0,15,1,6,54,90,608,52,14,13,24,7,11,1065,2285
631463,4,44,16,18,2,34,7,2,11,1,7,95,73,496,39,22,11,16,10,5,935,2430
631464,3,21,4,19,1,24,7,1,12,1,5,32,73,463,26,14,10,25,9,10,785,2374
631465,"Ми маємо підстави не довіряти даним, що отримали з дільниці",,,,,,,,,,,,,,,,,,,,,
631466,7,29,4,13,8,41,10,0,23,0,7,79,116,618,50,15,20,30,7,6,1112,2430
631467,4,29,6,16,8,29,3,0,9,0,6,61,136,572,46,13,15,29,5,12,1017,2142
631468,8,32,6,15,4,27,2,0,9,0,9,49,109,446,26,11,18,24,5,14,833,1735
631469,3,20,11,16,5,38,9,0,20,4,1,64,90,570,40,10,16,47,6,31,1042,2098
631470,4,28,8,14,1,25,8,0,14,1,6,65,122,421,35,15,22,21,4,10,846,1868
631471,7,33,11,13,3,30,8,1,7,0,11,36,127,454,44,10,13,30,3,13,881,1753
631472,7,32,6,11,8,48,12,1,19,0,11,42,133,454,44,11,14,33,4,14,941,1917
631473,3,32,8,33,4,23,13,2,18,1,2,104,154,532,51,9,19,26,4,17,1078,2012
631474,5,40,15,21,8,41,4,1,15,3,8,88,125,487,47,9,12,27,15,19,1020,2063
631476,3,45,11,21,9,25,10,1,19,0,7,122,118,484,40,12,20,31,5,9,1009,2068
631477,8,28,5,12,5,13,4,0,10,0,3,69,94,413,40,4,7,22,8,18,783,1621
631478,9,38,8,19,11,20,6,0,15,1,7,116,106,494,44,5,16,50,6,15,1018,2089
631479,2,38,8,16,11,23,8,1,16,1,11,56,135,446,58,14,17,35,1,15,938,1999
631480,21,61,15,25,7,31,5,0,11,0,3,87,216,460,40,15,15,43,5,16,1097,2368
631481,25,30,13,18,9,29,16,1,18,1,8,54,109,481,44,17,7,51,3,16,981,1919
631482,26,21,12,23,11,24,6,0,18,1,7,58,96,380,25,10,14,25,3,15,795,1655
631483,13,24,7,11,7,21,8,0,13,0,5,68,111,443,35,15,10,34,1,0,853,1833
631484,19,31,12,17,8,35,12,0,18,1,4,61,189,499,49,18,14,29,10,19,1078,2235
631485,6,29,5,11,2,29,11,3,12,2,2,40,103,429,84,8,13,26,6,10,906,1957
631486,6,39,8,13,4,32,11,1,12,1,5,36,102,501,52,8,16,21,0,5,884,1905
631487,9,29,14,13,6,35,5,0,15,2,3,61,110,508,84,10,13,26,8,17,993,1987
631488,5,29,8,11,2,33,6,0,10,2,1,49,111,485,66,9,18,21,9,13,910,1992
631489,6,42,15,9,5,32,9,0,16,1,8,45,106,492,66,15,7,26,3,13,940,2170
631490,1,27,8,23,5,28,7,2,6,0,5,49,127,597,44,14,16,32,8,8,1043,2021
631491,4,27,4,9,2,23,1,0,7,0,1,42,82,541,65,13,7,24,1,8,891,1880
631492,3,18,5,38,1,24,7,1,7,1,2,41,99,472,45,5,10,32,7,16,857,1913
631493,4,13,7,13,6,29,9,2,17,1,3,42,91,539,37,10,15,20,6,4,890,1944
631494,9,22,6,22,1,39,4,2,18,0,4,60,82,480,28,10,14,28,2,12,871,1924
631495,3,15,6,13,2,21,8,0,16,0,4,33,99,502,38,9,5,19,8,17,835,1875
631496,3,19,4,13,4,28,0,0,12,0,1,38,83,588,75,3,5,29,2,9,942,2123
631497,5,31,16,22,8,31,8,1,21,0,4,63,114,626,74,18,18,39,5,14,1139,2288
631498,3,32,9,24,4,34,11,0,8,0,4,57,88,583,89,15,18,37,11,8,1069,2192
631499,6,39,4,18,8,27,11,0,11,0,3,62,93,565,46,20,24,24,8,25,1012,2220
631500,5,17,6,21,6,30,7,0,19,0,11,54,102,576,36,21,19,31,10,22,1023,2169
631501,3,28,6,21,1,32,5,0,17,1,2,38,99,564,35,8,11,28,3,9,939,1973
631502,2,32,12,25,14,33,5,0,15,0,5,52,122,594,48,9,11,44,3,15,1063,2218
631503,3,33,7,15,1,21,6,0,9,0,3,53,85,520,39,11,9,29,5,14,883,1744
631504,2,28,5,12,4,28,7,0,19,0,3,34,78,455,33,8,13,32,5,19,801,1764
631505,3,32,6,20,10,24,5,0,6,1,3,42,100,492,33,7,18,30,4,11,865,2014
631506,2,36,9,15,6,48,20,2,9,0,9,40,107,547,37,19,29,29,4,16,1009,2203
631507,6,28,11,20,5,42,10,0,4,0,9,43,136,566,42,8,13,22,3,17,1001,2070
631508,"Ми маємо підстави не довіряти даним, що отримали з дільниці",,,,,,,,,,,,,,,,,,,,,
631509,3,33,6,14,11,35,5,1,19,0,6,68,124,552,39,11,15,24,8,9,1016,2147
631510,4,32,9,19,4,30,7,3,11,2,8,51,86,495,42,10,15,40,4,9,894,2056
631511,3,20,2,11,3,20,3,0,10,1,2,44,86,519,25,16,11,20,5,13,835,1824
631512,1,30,10,28,12,24,11,0,11,0,4,54,98,524,26,12,14,24,4,14,917,1928
631513,5,17,6,18,6,41,6,0,17,1,4,69,143,579,35,20,19,26,8,17,1061,2182
631514,8,41,12,23,5,43,9,0,23,0,5,48,152,534,35,15,17,23,11,18,1057,2151
631515,7,55,4,20,4,24,13,0,8,0,3,67,137,533,40,14,13,29,8,8,997,2321
631516,11,34,15,20,9,37,12,0,8,0,3,67,124,583,28,11,11,24,9,13,1035,2318
631517,9,35,7,17,9,37,10,3,19,0,10,65,119,477,30,4,14,32,3,16,934,2141
631518,4,24,7,20,1,39,6,0,10,0,8,49,101,552,37,8,14,30,2,13,949,2071
631519,7,24,12,16,4,28,7,1,21,0,2,71,140,496,30,9,14,21,10,10,938,1914
631520,4,28,15,22,9,32,7,1,14,1,3,65,121,635,32,10,21,28,2,7,1077,2257
631521,4,40,5,22,9,28,2,0,19,3,3,64,115,546,38,0,22,30,5,9,1009,2087
631522,12,49,10,22,9,23,7,2,13,0,7,65,129,584,37,11,10,36,8,9,1067,2289
631523,35,37,10,12,8,33,9,0,16,0,4,82,160,537,56,10,15,22,7,17,1100,2282
631524,13,36,11,20,11,35,7,0,5,1,7,71,137,481,45,10,13,24,7,8,961,2292
631525,0,0,0,0,0,0,0,0,0,0,0,0,0,1,0,0,0,0,0,0,1,40
631526,0,0,0,0,0,0,0,0,0,0,0,0,0,0,1,0,0,0,0,0,1,23
631527,0,0,0,0,0,0,0,0,0,1,0,0,0,3,0,0,0,0,0,0,4,18
631528,0,0,0,0,0,0,0,0,1,0,0,0,3,0,0,0,0,0,0,0,4,208
631530,Ми очікуємо на інформацію від спостерігача,,,,,,,,,,,,,,,,,,,,,
631531,1,0,0,1,0,0,0,0,1,0,0,0,0,2,0,0,0,0,0,0,6,449
631532,Ми очікуємо на інформацію від спостерігача,,,,,,,,,,,,,,,,,,,,,
631533,8,23,10,12,6,22,14,1,9,1,2,39,82,573,31,11,12,14,4,7,899,2239
631534,9,22,11,12,4,28,3,1,16,0,2,52,101,710,44,15,9,27,4,13,1107,2222
631535,26,31,16,36,10,20,2,1,18,0,6,60,126,681,36,25,19,38,5,12,1190,2308
631536,"Ми маємо підстави не довіряти даним, що отримали з дільниці",,,,,,,,,,,,,,,,,,,,,
631537,13,32,10,16,3,15,8,6,16,1,6,56,132,673,37,22,18,34,3,25,1152,2347
631539,7,31,11,22,9,26,8,0,21,0,5,36,144,695,45,13,18,24,4,15,1154,2405
631540,4,26,12,26,8,42,9,0,12,1,7,83,109,636,42,10,25,35,4,25,1135,2314
631541,5,14,5,13,7,19,4,1,25,0,6,70,72,634,41,10,10,21,4,8,989,2283
631542,2,33,8,17,4,25,2,3,18,1,9,47,72,509,36,19,17,29,1,10,886,1974
631543,5,30,7,17,10,29,9,0,15,1,5,63,110,535,26,8,16,27,1,9,950,2369
631544,8,28,11,17,6,25,8,1,21,0,7,85,105,540,29,13,24,23,10,14,1001,2340
631545,4,28,8,11,3,15,4,1,13,0,2,55,77,471,23,15,12,32,9,14,809,1980
631546,3,20,6,23,6,19,10,0,26,1,8,49,81,547,45,12,9,35,3,11,936,2111
631547,5,26,8,11,9,25,5,0,16,1,7,42,71,595,33,9,29,24,4,21,969,2320
631548,5,11,12,23,11,20,9,0,22,3,3,49,83,554,42,19,15,25,1,19,955,2199
631549,3,24,5,24,11,23,3,2,12,1,2,42,97,530,67,9,10,24,5,6,920,2068
631550,5,21,6,13,8,18,1,0,11,2,2,42,89,558,39,4,14,22,4,8,885,2150
631551,6,14,5,18,9,17,4,0,18,1,7,39,71,572,43,9,15,27,3,9,908,2305
631552,"Ми маємо підстави не довіряти даним, що отримали з дільниці",,,,,,,,,,,,,,,,,,,,,
631553,4,44,6,17,7,19,6,1,11,0,3,44,99,533,39,13,14,35,6,10,930,2153
631554,5,41,8,16,10,32,4,1,8,2,5,51,98,530,42,12,15,36,4,15,955,2324
631555,2,21,9,26,10,16,8,2,19,1,7,46,84,698,29,17,13,26,4,11,1069,2244
631556,7,13,9,19,6,23,3,4,17,1,6,45,91,599,34,11,22,30,13,15,987,2299
631557,4,27,8,30,9,21,9,2,19,3,7,38,87,616,39,10,21,31,3,8,1009,2347
631558,4,13,3,25,4,16,6,1,12,0,7,46,70,549,29,12,14,19,0,11,861,2060
631559,3,27,9,15,10,15,6,1,12,0,2,72,131,633,28,19,20,30,5,11,1070,2409
631560,11,17,7,22,18,27,6,1,24,1,5,54,99,626,45,16,18,29,7,17,1074,2196
631561,7,11,8,22,11,18,4,2,16,0,3,75,109,559,28,19,19,52,5,5,996,2338
631562,2,3,3,20,8,7,1,0,14,1,4,32,48,496,22,9,6,12,2,6,718,2127
631563,6,15,10,25,19,12,3,1,9,0,0,73,92,459,34,12,23,34,7,7,867,2236
631564,14,14,5,13,6,25,5,0,8,1,3,38,79,610,35,20,13,26,6,10,958,2401
631565,17,11,13,16,5,17,2,0,21,0,5,65,103,619,42,21,16,21,3,6,1026,2330
631566,14,14,9,13,7,18,7,0,19,2,8,35,99,692,26,9,21,17,4,11,1045,2339
631567,11,20,5,23,6,17,4,1,10,1,7,63,92,700,37,13,12,17,3,17,1086,2274
631568,7,22,9,14,4,34,4,1,17,2,9,57,112,607,28,21,14,37,6,6,1034,2206
631569,9,16,5,13,8,34,6,0,12,0,3,55,107,627,28,10,20,24,9,5,1012,2082
631570,2,21,8,18,5,23,4,0,8,0,6,49,110,712,28,19,24,26,3,14,1101,2329
631571,4,15,8,15,8,36,5,0,13,0,2,56,102,556,24,12,15,25,4,11,935,2091
631572,17,21,6,22,5,21,6,0,18,1,4,53,106,622,47,12,15,35,5,20,1051,2101
631573,6,27,4,20,7,22,5,2,11,0,4,38,103,698,35,15,12,24,1,12,1073,2289
631574,7,17,5,20,4,20,4,1,26,2,2,64,102,648,38,16,24,30,7,12,1073,2313
631575,5,9,8,17,10,16,6,1,14,0,3,40,91,647,14,9,20,23,3,3,967,2139
631576,5,10,15,20,10,16,3,1,11,2,1,53,99,738,25,12,12,27,2,10,1099,2268
631577,2,21,15,16,5,15,10,0,15,1,3,56,95,793,39,16,14,30,10,7,1188,2443
631578,4,16,6,17,7,15,5,0,9,0,1,42,98,544,23,10,9,17,3,5,851,2071
631579,2,21,4,20,5,14,4,1,23,1,5,41,87,553,42,10,19,39,1,23,931,2159
631580,6,28,5,18,3,11,8,1,16,0,5,49,71,521,34,13,8,28,3,8,856,2034
631581,11,25,6,23,3,22,5,3,15,0,3,51,111,591,42,22,14,23,0,15,1006,2212
631582,4,33,14,10,7,15,0,0,17,2,2,35,82,636,35,19,11,24,2,9,985,2119
631583,1,40,9,15,6,19,6,1,13,0,4,56,92,613,45,13,19,25,3,8,1021,2023
631584,1,4,0,4,0,2,0,0,3,0,1,6,6,61,3,0,1,3,0,1,101,154
631585,0,0,0,0,0,0,0,0,0,0,0,0,1,1,0,0,0,0,0,0,2,9
631586,Ми очікуємо на інформацію від спостерігача,,,,,,,,,,,,,,,,,,,,,
631587,Ми очікуємо на інформацію від спостерігача,,,,,,,,,,,,,,,,,,,,,
631589,Ми очікуємо на інформацію від спостерігача,,,,,,,,,,,,,,,,,,,,,
631591,7,23,4,12,2,18,27,1,8,0,6,63,104,513,22,15,25,43,15,6,943,2257
631592,2,19,6,13,6,5,9,0,8,0,3,31,50,420,22,6,15,19,6,8,669,1781
631593,4,21,7,22,5,8,8,0,13,2,2,52,80,333,29,4,6,15,2,5,632,1526
631594,10,27,5,19,3,12,4,1,10,1,5,42,71,414,28,16,12,15,3,11,730,2072
631595,7,21,10,12,4,28,3,1,13,2,3,36,78,470,29,10,15,24,6,11,804,2064
631596,11,24,14,22,3,35,5,0,15,1,4,91,130,520,46,14,16,29,9,9,1022,2215
631597,5,30,5,20,6,33,3,0,18,1,5,73,144,572,52,12,12,45,6,15,1076,2166
631598,9,33,10,18,6,30,18,1,17,2,9,45,93,593,44,15,20,41,7,21,1060,2309
631599,11,28,7,20,10,28,10,1,20,3,7,59,101,536,51,16,17,11,9,15,985,2219
631600,4,29,11,17,8,26,13,1,20,2,4,51,111,547,34,14,12,27,10,12,979,2082
631601,9,20,8,24,5,15,14,0,19,1,4,49,105,536,37,11,15,32,6,12,948,2183
631603,11,26,7,17,1,29,9,1,20,1,3,42,104,577,45,9,17,33,0,12,981,2258
631604,4,18,11,13,5,27,7,2,13,2,4,74,114,515,40,11,14,30,4,17,945,1972
631605,16,46,9,20,8,18,17,0,17,1,6,48,111,496,33,18,12,29,6,12,953,2229
631606,19,40,7,19,6,22,5,1,13,0,2,44,91,477,42,11,15,24,9,6,876,2042
631607,3,26,3,16,7,22,10,0,19,1,4,56,95,495,46,10,13,32,6,12,893,2089
631608,8,29,7,9,4,18,8,2,21,7,8,62,128,514,40,14,16,40,9,12,979,2323
631609,6,14,9,11,9,11,4,0,13,2,4,54,80,326,60,8,14,26,6,14,692,1431
631610,8,24,5,18,3,23,6,0,15,0,1,54,90,460,40,11,7,23,7,14,830,1834
631611,1,17,5,19,4,19,5,0,11,1,2,62,99,588,25,12,18,22,7,8,946,1996
631612,6,21,7,35,1,22,3,1,12,2,3,39,100,491,39,7,13,27,4,8,868,2078
631613,0,11,4,13,2,20,9,1,11,0,3,41,106,458,53,13,8,26,5,10,811,1866
631614,4,27,13,18,5,13,4,1,9,0,2,51,129,473,23,7,19,21,2,12,854,1716
631615,5,35,11,22,3,26,9,0,14,3,10,76,152,577,45,15,9,37,4,18,1088,2177
631616,5,20,4,16,5,22,13,1,18,2,9,68,144,689,32,15,21,30,6,8,1155,2286
631617,3,17,4,11,4,21,5,0,6,1,2,53,115,514,28,18,11,20,2,6,858,1906
631618,4,6,0,3,1,20,3,0,5,1,2,20,28,179,9,4,0,6,1,2,297,706
631619,2,7,4,10,0,9,3,2,9,0,0,28,33,217,19,7,4,18,1,0,381,975
631620,7,7,6,7,4,22,12,1,12,1,3,83,76,293,22,9,10,17,2,2,614,1477
631621,3,14,5,15,2,9,5,0,12,1,7,39,62,321,23,11,9,20,4,10,601,1402
631622,4,24,5,13,4,14,3,2,17,1,2,62,84,402,34,6,9,26,15,6,746,2297
631623,7,29,6,22,2,22,5,1,17,1,3,71,72,537,30,12,9,39,9,6,926,2325
631624,6,17,8,20,3,22,6,1,9,1,3,69,65,579,33,16,14,15,4,13,922,2273
631626,4,18,4,19,2,24,5,0,13,0,1,124,73,402,18,10,6,33,3,2,770,1852
631627,1,3,2,11,6,8,5,0,4,1,2,261,41,186,16,11,15,11,12,3,612,1514
631628,0,17,6,5,5,10,8,0,7,1,2,270,41,269,29,11,8,33,16,6,763,2269
631629,29,21,14,21,5,44,6,1,9,1,1,42,85,592,29,16,20,26,6,15,1009,2115
631630,6,17,7,32,7,26,7,0,10,1,5,67,117,560,42,10,11,35,5,19,1000,2171
631631,10,10,9,14,3,18,6,1,6,1,1,38,59,468,26,14,11,16,6,14,749,1709
631632,6,17,11,17,4,27,3,0,9,3,2,47,99,528,28,13,10,28,6,22,903,2061
631633,2,23,4,21,2,28,5,0,10,0,3,52,102,505,41,18,10,32,10,10,891,2177
631634,5,19,6,4,2,23,6,0,6,1,3,50,75,391,38,7,6,19,7,13,691,1582
631635,2,19,3,22,3,23,11,0,12,0,0,51,113,445,47,11,16,24,7,17,845,2088
631636,5,17,6,23,4,21,7,0,10,0,5,70,96,488,32,14,14,27,4,12,874,2106
631637,11,16,9,20,4,35,12,0,7,0,4,41,80,534,22,18,15,32,3,10,884,1994
631638,6,33,12,15,6,30,6,1,15,2,6,46,102,477,45,11,16,35,6,16,879,2205
631639,5,23,10,15,9,17,6,1,7,0,4,77,113,596,40,18,13,41,6,17,1039,2315
631640,1,18,5,12,6,24,5,0,7,0,9,43,80,430,37,8,17,28,4,12,767,1671
631641,3,14,12,12,7,30,5,0,8,0,8,68,108,483,65,15,19,22,5,19,920,2012
631642,3,16,2,8,2,4,4,0,3,0,2,31,58,241,16,10,11,17,10,11,467,1583
631643,11,28,7,30,6,25,7,0,14,0,3,54,125,608,38,15,15,37,12,11,1069,2289
631644,0,1,0,1,0,1,0,0,0,0,0,0,3,10,2,1,1,0,0,0,20,132
631645,0,0,0,0,0,0,0,0,0,0,0,0,0,2,0,0,1,0,0,0,3,135
631646,0,0,0,0,0,0,0,0,3,0,1,0,0,6,2,1,0,1,0,1,15,199
631647,0,1,0,0,0,0,0,0,0,0,0,0,0,3,0,0,1,0,0,0,5,131
631648,0,1,0,0,0,0,0,0,0,0,0,1,0,1,0,0,0,0,0,0,4,49
631649,2,21,4,14,4,13,8,0,6,1,3,33,84,226,34,6,9,28,3,10,520,1302
631650,8,22,6,13,4,15,1,0,10,0,6,40,91,286,21,10,7,25,2,9,584,1306
631651,6,18,4,29,10,12,16,1,4,2,6,46,89,385,51,11,11,58,3,7,786,2340
631652,"Ми маємо підстави не довіряти даним, що отримали з дільниці",,,,,,,,,,,,,,,,,,,,,
631653,9,39,4,22,5,20,14,2,12,0,1,57,155,440,56,15,11,95,7,16,1015,2179
631654,8,31,9,14,8,20,16,2,7,2,4,60,179,437,47,13,9,68,4,12,983,2082
631655,0,18,6,6,3,18,1,0,8,0,5,45,99,337,26,5,14,33,6,13,667,1394
631656,3,15,2,15,2,14,5,1,7,0,4,46,70,246,20,6,9,26,0,8,508,1093
631657,7,19,11,18,14,21,7,4,18,2,6,63,124,535,41,11,18,35,3,9,989,2277
631658,0,19,5,24,8,29,10,2,10,2,5,70,78,464,45,17,8,29,7,10,852,2277
631659,3,17,4,17,4,12,4,1,17,1,0,53,67,333,57,15,13,18,4,7,665,1760
631660,2,8,3,19,1,14,2,0,9,2,2,29,52,294,22,6,10,25,1,6,520,1391
631661,5,36,10,35,11,28,11,0,16,0,2,81,192,530,60,15,24,48,4,27,1159,2246
631662,2,34,10,18,6,30,3,3,13,1,8,53,141,479,62,12,18,40,5,22,991,2023
631663,4,20,8,28,5,25,10,1,11,0,3,64,140,464,46,5,7,51,7,28,946,1836
631665,3,8,2,8,1,2,1,1,4,0,0,9,13,159,7,9,3,13,2,4,256,613
631666,"Ми маємо підстави не довіряти даним, що отримали з дільниці",,,,,,,,,,,,,,,,,,,,,
631667,1,4,0,5,2,6,0,0,0,0,2,9,24,122,1,2,3,7,0,1,197,512
631668,3,13,4,17,4,22,4,0,6,1,0,53,67,402,58,10,11,30,3,3,725,1932
631669,5,11,7,27,3,18,3,2,12,1,7,69,108,512,34,20,15,32,4,11,920,2056
631670,4,26,6,16,7,27,3,2,14,0,6,52,92,620,41,21,13,31,2,8,1017,2185
631671,3,22,3,19,2,35,6,1,16,0,4,54,121,605,45,21,22,50,4,22,1066,2082
631672,8,28,10,20,6,26,8,0,9,0,5,57,123,610,32,20,23,40,1,26,1077,2118
631673,2,10,6,15,3,23,5,1,8,2,5,60,89,570,35,8,14,39,10,8,933,2351
631674,5,19,8,27,3,17,1,0,8,1,8,38,94,511,39,13,14,33,4,45,909,2141
631675,10,21,6,18,4,16,5,1,11,0,5,44,80,505,40,16,11,33,5,11,867,2262
631676,3,11,7,16,8,41,4,1,12,2,7,59,67,597,34,7,19,67,3,7,1006,2319
631677,"Ми маємо підстави не довіряти даним, що отримали з дільниці",,,,,,,,,,,,,,,,,,,,,
631678,5,12,0,17,4,27,2,2,16,2,4,50,70,620,28,12,15,37,1,2,955,2399
631679,3,10,7,23,2,16,4,0,11,0,7,62,75,585,27,16,13,31,1,10,925,2128
631680,1,18,7,16,4,24,9,0,16,0,1,40,70,591,34,11,16,29,6,8,924,2230
631681,5,15,1,15,2,15,2,0,10,0,2,50,57,637,34,15,16,32,2,5,942,2261
631682,2,14,8,15,3,21,2,1,10,0,4,51,72,700,47,12,17,22,4,5,1036,2407
631683,0,9,3,13,3,31,1,0,9,0,5,39,34,392,34,7,15,11,0,3,624,1842
631684,2,5,4,12,1,27,1,0,5,0,3,49,36,356,23,6,8,27,2,6,593,1711
631685,2,8,1,15,3,24,1,1,3,0,5,41,48,390,31,6,5,17,3,2,617,1718
631686,0,0,0,0,0,0,0,0,1,0,0,0,0,4,0,0,0,1,0,2,9,35
631687,0,0,0,0,0,0,0,0,0,0,1,1,0,3,1,0,0,0,0,1,7,7
631689,Ми очікуємо на інформацію від спостерігача,,,,,,,,,,,,,,,,,,,,,
631690,5,13,7,12,2,8,4,0,9,0,1,25,55,214,18,3,6,8,5,3,408,1138
631691,98,43,9,16,5,17,8,2,13,0,8,60,135,458,43,10,7,26,5,10,990,2286
631692,0,13,4,13,2,10,4,0,7,1,2,42,66,325,22,12,3,17,1,3,553,1475
631693,2,2,2,9,3,4,2,0,8,2,4,12,28,164,16,4,2,12,9,4,305,780
631694,1,6,4,5,2,16,1,0,6,0,2,29,41,114,26,3,4,8,3,13,297,965
631695,6,13,5,13,1,31,6,0,21,2,5,65,98,327,51,12,11,44,8,36,773,1781
631696,13,15,34,14,2,5,6,1,1,2,7,46,95,265,46,9,5,8,5,4,614,1223
631697,4,11,3,11,6,12,6,1,3,0,5,36,96,212,24,8,3,17,3,8,479,957
631151,8,36,21,26,10,29,14,0,15,1,15,80,183,471,60,18,13,40,4,28,1099,2297
631247,6,18,10,17,10,14,9,0,16,0,4,54,128,659,30,18,17,15,13,12,1071,2329
631340,5,24,6,11,1,15,2,0,7,1,0,47,76,558,19,11,5,28,3,5,849,2046
631436,6,39,8,9,1,42,3,0,15,0,8,63,98,486,48,9,17,37,5,6,922,2134
631529,0,0,0,0,0,0,0,0,1,0,0,0,0,3,0,0,0,0,0,0,5,205
631625,3,16,11,18,6,22,3,0,12,1,1,48,65,568,24,11,13,29,5,11,892,2012
631098,4,17,9,23,3,25,6,1,14,1,5,54,113,530,29,16,21,48,4,7,940,2058
631160,9,38,26,16,15,23,9,3,19,0,16,80,183,528,36,14,15,43,10,16,1120,2271
631223,0,0,0,0,0,0,0,0,0,0,0,1,0,1,1,0,0,0,0,0,3,52
631287,13,31,9,17,3,15,10,1,10,4,3,95,92,575,36,11,11,19,7,21,1001,1954
631350,3,23,6,15,8,16,7,1,21,0,5,55,113,558,49,21,17,27,1,9,977,2135
631413,0,0,0,0,0,0,0,0,0,0,0,2,0,6,0,0,0,0,0,0,8,54
631475,"Ми маємо підстави не довіряти даним, що отримали з дільниці",,,,,,,,,,,,,,,,,,,,,
631538,3,28,9,16,6,32,2,0,17,0,9,42,97,541,35,13,18,29,5,14,941,2123
631602,6,16,8,18,2,22,1,0,10,0,6,54,92,482,20,9,25,24,5,13,838,1929
631664,7,27,12,29,6,28,9,1,12,1,6,64,157,469,56,13,27,40,7,29,1026,2100
